artifact,status,sha256
closure_001/receipt,PRESENT,8d382fcef543fdeabf10d8c1f9cf3aec51c90c34feab174e2262e73cf4daaff2
closure_002/receipt,PRESENT,88f843d9e8708c50fd2e36098c7fc5abbab596f26ac719b995e959312d11f708
closure_003/receipt,PRESENT,3a9c3dded6e3925e1277c6eff4e8de6ad4a346dd63864c05acd869d02d15419d
development_001/fit_events,PRESENT,43e8771a985fd6e44bbaa09f627829624ee8a6674570d10303b5546ca0592cd2
development_001/receipt,PRESENT,2e7ec5aeb2f56975a192dd7b21f7b27e41424a5b41b39f82f226903d59dac0cd
evaluation_N1_L0_001/fit_events,PRESENT,5d8715ce72925827a14702599e9dca445e73dfc13c06e36edd15ceabc4f26921
evaluation_N1_L0_001/receipt,PRESENT,6d158003e6fceb734c87756e09b7497138e0de54637ea2318e8fa590528b9c7c
evaluation_N1_R_SIM_001/fit_events,PRESENT,eabe541bca548c0cfbb8c866bf429b46a5799ce4bbf352712cdc9fcf41ad0068
evaluation_N1_R_SIM_001/receipt,PRESENT,77d911e7704624533e28675051ee88634542be98f99bec6a46201f9b466e43e8
evaluation_N3_L0_001/fit_events,PRESENT,43ff1ddeab364681c5a8018ecd4b9541874dbc7ed3de7bfb11d7b9e691744282
evaluation_N3_L0_001/receipt,PRESENT,d483926df8dc94e19482931f6e9dd93869fff09a6e48e276fc623344207a64cc
evaluation_N3_R_SIM_001/fit_events,PRESENT,ed4c2961f10ac34cc6be6996fd469995d793cda88fd56fa50b2a220d56414765
evaluation_N3_R_SIM_001/receipt,PRESENT,597f30d007e456d8522d9908c69d8bb50c76e1ef789d8b85c13a57bae21288ff
figures_001/receipt,PRESENT,20c655969c3647c5675d7f8a6f02f29fce5ec520dc10d69f4f70d2b564399a85
figures_002/receipt,PRESENT,81cd00fb85a3234fb224e72b57c21c28ee253c5c823a4fb74803ddb7586f7f04
hash_diagnosis_001/receipt,PRESENT,351d2db8b03f069028a9f0d385767fd602ce0ba75813fe3a46c318abc1d6edf9
input_preflight_001/receipt,PRESENT,c1781d1f39ae95f5c191227d7603133ece03f2ea5f3548069c3cb929be7d2df9
input_preflight_002/receipt,PRESENT,8f305c652ab381320fc3d3bec987935a85636c576d4f79e3f728dd2c36242a34
input_preflight_003/receipt,PRESENT,ccce83fa44debf19245c78a2198b1ad9759a0c910b826ac0b399658b53d57f1a
launch_review_001/receipt,PRESENT,d520b2494b8b2e4d034c0bff0d637540f00509aab6e4934413c07e797537c288
n2_design_001/fit_events,PRESENT,e6f5003f51c72e4490dc03701f87fc5a4384eae4c8e3a98a8022a3de6f4e3a4f
n2_design_001/receipt,PRESENT,10d300ad49e2075a75d66d4c8a32d8d327cc70d99b27acbeed6ad23c58c7ae20
n2_inputs_001/receipt,PRESENT,94e9c8c6e997e98d3965005854fbfb9e07a513260e54100791b3ae7498626953
probe_001/receipt,PRESENT,59f812ee2e3a9a9b28c012c99b4d8498a180bab5f728bbafd334f2276100dead
real_N1_L0_001/fit_events,PRESENT,7022e21e0a0777269a7fe22a7d53e1e7025ec84e2fbae228caf94c27be692e37
real_N1_L0_001/receipt,PRESENT,a70a98734616b3ce1a514d363c5d967d93c454a5b58e472d413ff712d990fbfd
real_N1_R_SIM_001/fit_events,PRESENT,ae6bb1ac2935b06f924402b29f3cd73f6c5d873af4a857d5e4ad7fd7458c4871
real_N1_R_SIM_001/receipt,PRESENT,1dc409d81990358587f176cc2552af8d13911fe25bf22a692b37e93f9726dcd1
real_N3_L0_001/fit_events,PRESENT,09d131162423b3e29954ab0a1f406836cf2b08011529eddda59e44fca24bda10
real_N3_L0_001/receipt,PRESENT,49f9ecde7996b55167a7ce3f4a4b6fccbcf525a272cb99d68ddb0384a5a92226
real_N3_R_SIM_001/fit_events,PRESENT,44a7f20970c8c7527f66d2ab86a6b193e8f14c40a37c3e7174e59a54363b9264
real_N3_R_SIM_001/receipt,PRESENT,70063fd96218e81b6b565b1f28c6bcad0ba71855b5313d62c6b4881878068352
stage0_001/receipt,PRESENT,31cc0ff533e25e9f27338dab363c441f61726bf04d6440908794ac375a2a0b49
tests_001/receipt,PRESENT,0e35f0d6577f2e53fe09c1cb0898760c2f43477d0ab0a359c1f3fdb0597b1404
tests_002/receipt,PRESENT,0e35f0d6577f2e53fe09c1cb0898760c2f43477d0ab0a359c1f3fdb0597b1404
tests_002/test_fit_counts,PRESENT,aa4117562c2c0fcdc4c87b92caf44528f4a78fba2dadcfb016f88813a9b8ec8e
tests_003/receipt,PRESENT,0e35f0d6577f2e53fe09c1cb0898760c2f43477d0ab0a359c1f3fdb0597b1404
tests_003/test_fit_counts,PRESENT,aa4117562c2c0fcdc4c87b92caf44528f4a78fba2dadcfb016f88813a9b8ec8e
tests_004/receipt,PRESENT,efbf50370cc4eb5ec84660f527c4862c85028286ce70f987e1f2e379669f4ab2
tests_004/test_fit_counts,PRESENT,aa4117562c2c0fcdc4c87b92caf44528f4a78fba2dadcfb016f88813a9b8ec8e
tests_005/receipt,PRESENT,0e4ac87d4b847818f1025836c9ac676cd310b0635b0e494f4950768a2b23a47a
tests_005/test_fit_counts,PRESENT,aa4117562c2c0fcdc4c87b92caf44528f4a78fba2dadcfb016f88813a9b8ec8e
tests_006/receipt,PRESENT,c0e6c635d17075e3323a26b837dd56576bfbd48d5f787f53c7e0d1c943e95964
tests_006/test_fit_counts,PRESENT,aa4117562c2c0fcdc4c87b92caf44528f4a78fba2dadcfb016f88813a9b8ec8e
tests_007/receipt,PRESENT,6c67d064c1b1003828098ae00c232cb13722765c2c8b85624f4ca8f8b75271ac
tests_007/test_fit_counts,PRESENT,aa4117562c2c0fcdc4c87b92caf44528f4a78fba2dadcfb016f88813a9b8ec8e
tests_008/receipt,PRESENT,8019f2ba6353f6d2ffb718da4930ac40865db81b00bb2f406179d65f5d416175
tests_008/test_fit_counts,PRESENT,aa4117562c2c0fcdc4c87b92caf44528f4a78fba2dadcfb016f88813a9b8ec8e
tests_009/receipt,PRESENT,bf64dbd60711b2d74a4dd67a37e91e391a20696773bee5e315f326476d2e1e78
tests_009/test_fit_counts,PRESENT,aa4117562c2c0fcdc4c87b92caf44528f4a78fba2dadcfb016f88813a9b8ec8e
