bias_b_minus_a_uv,bias_b_minus_a_uv_bootstrap_valid,bias_b_minus_a_uv_ci_high,bias_b_minus_a_uv_ci_low,cohort_label,condition,difference_sd_uv,icc_a1,icc_a1_bootstrap_valid,icc_a1_ci_high,icc_a1_ci_low,loa_high_uv,loa_low_uv,matched_trials,median_abs_delta_uv,n_candidates,pearson_r,pearson_r_bootstrap_valid,pearson_r_ci_high,pearson_r_ci_low,rmse_uv,variant
0.024573189994186066,2000,0.29540380798500937,-0.21037940925551318,HA,code1,0.9762485797915655,0.8436018538404153,2000,0.916529908066014,0.7116234207001608,1.9380204063856545,-1.8888740263972823,True,0.14182923834174233,57,0.8469299274727484,2000,0.9259846900275114,0.7473076060718225,0.9679590682000705,hp05_avg20_matched
0.08191321465747924,2000,0.14856458543153142,0.00921248832034974,HA,code1,0.26792839521552897,0.9894091988313517,2000,0.993196404167002,0.9816299284954305,0.607052869279916,-0.4432264399649575,True,0.1490731254052131,57,0.9934249786793234,2000,0.9963547409497306,0.98788294353911,0.2779136606378312,hp01_avg18_matched
0.029444875011674115,2000,0.1603554464614657,-0.08509060778250388,HA,code1,0.4381705947778777,0.963696167096088,2000,0.9830010111238104,0.9397184296304609,0.8882592407763144,-0.8293694907529661,False,0.1299313688125059,49,0.9670848962096769,2000,0.9835917762551375,0.9482945785944236,0.4346748632118118,hp01_frontoposterior100
0.1043493612703449,2000,0.2646039508168616,-0.05081938743988857,HA,code1,0.5780268122775344,0.938843378801256,2000,0.964742101636631,0.8879280908211942,1.2372819133343125,-1.0285831907936225,False,0.24810514348717794,48,0.9436429601559497,2000,0.972415692467614,0.8944242781945958,0.5814147021119515,hp01_scalp100
-0.08079583370086957,2000,0.21873013620827275,-0.3875862229902155,HA,code2,1.181195253847677,0.898851304620276,2000,0.9681746310134521,0.7304449474442581,2.2343468638405777,-2.3959385312423165,True,0.22651634262362985,57,0.9123788210761007,2000,0.9728400663820459,0.7847571668861352,1.173572584680375,hp05_avg20_matched
0.023204935275796534,2000,0.10327217991901361,-0.06634577020480019,HA,code2,0.3147468885768388,0.9942578840878596,2000,0.9969573291346533,0.9867822452281237,0.6401088368864005,-0.5936989663348076,True,0.1782549703753764,57,0.9958084292017768,2000,0.9982361162691783,0.9895720439189841,0.3128355475958975,hp01_avg18_matched
0.00914427833125698,2000,0.16042393827989024,-0.16342445391304541,HA,code2,0.5913523960140008,0.9667470009732252,2000,0.9786223622120803,0.9441423092872431,1.1681949745186986,-1.1499064178561846,False,0.2823650841357811,49,0.973428463280262,2000,0.9859629575438303,0.952863171110165,0.5853585117131342,hp01_frontoposterior100
0.1450253762757822,2000,0.3122022852917006,-0.021011324492123822,HA,code2,0.6205432961845241,0.9482139068497423,2000,0.9775102638933938,0.8886148357901654,1.3612902367974495,-1.071239484245885,False,0.2974460539352749,48,0.9531831343330066,2000,0.9804114948618793,0.9035955428552874,0.6309389570864434,hp01_scalp100
-0.10536902369505569,2000,0.07043620865411959,-0.3259746206076937,HA,code2_minus_code1,0.7716341760893638,0.8976376439747712,2000,0.9638946777754154,0.7911801526047096,1.4070339614400973,-1.6177720088302088,True,0.19214333240520198,57,0.93012298028283,2000,0.9762175632984246,0.821539666913015,0.7720595703713523,hp05_avg20_matched
-0.058708279381682715,2000,0.0021190452954639232,-0.11679466590949836,HA,code2_minus_code1,0.23479820007777716,0.992613833606346,2000,0.996604651814605,0.9804967769374098,0.4014961927707605,-0.5189127515341259,True,0.13147925251117065,57,0.9945992205463265,2000,0.9977035163219587,0.9856791263635964,0.2400201250487706,hp01_avg18_matched
-0.02030059668041715,2000,0.11299040565408384,-0.14917132599479233,HA,code2_minus_code1,0.4656648012602145,0.9582843369043018,2000,0.9745368648685663,0.892074501922707,0.8924024137896032,-0.9330036071504375,False,0.2398501995339617,49,0.9682583758977678,2000,0.9884293329444859,0.8979234854294116,0.4613354956862492,hp01_frontoposterior100
0.040676015005437265,2000,0.19748873131952266,-0.11810737739003557,HA,code2_minus_code1,0.57943803859291,0.8688864961523634,2000,0.9374408199130001,0.7492233933303039,1.1763745706475408,-1.0950225406366663,False,0.3223015805010123,48,0.8673371068785549,2000,0.9391601733555405,0.7585205152389776,0.574811464383421,hp01_scalp100
0.6437075791094805,2000,1.6855579510032053,-0.10853163207399072,NH,code1,1.4837903576897922,0.5869806861718748,2000,0.9382697033837255,-0.153903653768417,3.551936680181473,-2.264521521962512,True,0.5702537452923497,9,0.6539603847790005,2000,0.987854129878432,-0.2803080479487239,1.5399244437169457,hp05_avg20_matched
-0.01866468987340977,2000,0.2566918435284892,-0.31422920705885016,NH,code1,0.454152299131977,0.9769686116392521,2000,0.9931759949695248,0.8982634814458152,0.8714738164252652,-0.9088031961720847,True,0.25956702626329253,9,0.9749351335989631,2000,0.9987225804642494,0.907986024155637,0.4285855058325288,hp01_avg18_matched
0.06554930941156853,2000,0.43879040311984985,-0.17959158444826157,NH,code1,0.513042108391456,0.9636379343220202,2000,0.9958357156289052,0.6346127347482082,1.0711118418588224,-0.9400132230356854,False,0.12754319552160204,8,0.9594195289895716,2000,0.999595862385593,0.6768825160230574,0.4843628715376936,hp01_frontoposterior100
,,,,NH,code1,,,,,,,,False,,6,,,,,,hp01_scalp100
0.7992869556150534,2000,1.9357890199887893,-0.05615677185738145,NH,code2,1.6919150169024448,0.5662104435769463,2000,0.9681819593521301,0.18013942880310257,4.1154403887438455,-2.5168664775137386,True,0.4475573602142007,9,0.6971451294492887,2000,0.9777134053185779,0.3214304806878056,1.7842006654742069,hp05_avg20_matched
-0.07887534674201042,2000,0.12861048325817093,-0.3056648723369614,NH,code2,0.35982003954624125,0.9886354258201885,2000,0.9962536493859775,0.9449494377828092,0.6263719307686224,-0.7841226242526433,True,0.21721011743690632,9,0.987886784147913,2000,0.9981791052983827,0.9752292338739923,0.3482903593564045,hp01_avg18_matched
-0.09809060600094388,2000,0.6346076338128758,-0.8751291487733159,NH,code2,1.2031734828294889,0.9198118810538917,2000,0.9535394637687278,0.5350446187837471,2.260129420344854,-2.4563106323467423,False,0.6432147731443781,8,0.9516998263089235,2000,0.9937871482684171,0.5543855477320251,1.1297322218325319,hp01_frontoposterior100
,,,,NH,code2,,,,,,,,False,,6,,,,,,hp01_scalp100
0.15557937650557266,2000,0.40081199719659516,-0.0728631761182034,NH,code2_minus_code1,0.39522658624250345,0.9288124921277009,2000,0.9678214012993747,0.8244699051020642,0.9302234855408794,-0.6190647325297342,True,0.1158275124477744,9,0.9364253740535624,2000,0.9918861506187493,0.8595330099221049,0.4037982055609225,hp05_avg20_matched
-0.06021065686860066,2000,0.02030996210299699,-0.13699352407653348,NH,code2_minus_code1,0.13332891503316674,0.9928631638892162,2000,0.9958134403894527,0.9831993144401887,0.20111401659640615,-0.3215353303336075,True,0.1067127348300243,9,0.99630356392411,2000,0.9995860566492034,0.9907797930880982,0.1393798588495588,hp01_avg18_matched
-0.16363991541251247,2000,0.4064876678007814,-0.861562632352429,NH,code2_minus_code1,0.9919271948677353,0.7705820826745109,2000,0.8962609741429439,0.29428697665581666,1.7805373865282486,-2.1078172173532734,False,0.34488266810483464,8,0.8080859001537924,2000,0.9639053824623262,0.3696866450597868,0.94218237982071,hp01_frontoposterior100
,,,,NH,code2_minus_code1,,,,,,,,False,,6,,,,,,hp01_scalp100
