model,seed,partition,train_block,child,n_records,n,n_class1,auc,bacc,ce_bal_bits,j_bits
child_spatial,11,odd_even_blocks,0,3,1,270,48,0.5853978978978979,0.5109797297297297,0.9898194074630737,0.01018059253692627
child_spatial,11,odd_even_blocks,0,6,2,525,78,0.4919979349509551,0.468723111340561,1.0098440647125244,-0.009844064712524414
child_spatial,11,odd_even_blocks,0,7,1,275,43,0.4527365677626303,0.4647654370489174,1.0207669734954834,-0.0207669734954834
child_spatial,11,odd_even_blocks,0,8,1,299,43,0.4833303052325582,0.5069494912790697,1.0194244384765625,-0.0194244384765625
child_spatial,11,odd_even_blocks,0,13,1,295,47,0.5026595744680851,0.5024879890185312,1.020872950553894,-0.020872950553894043
child_spatial,11,odd_even_blocks,0,15,1,305,46,0.4411616585529629,0.4608024173241565,1.037845492362976,-0.037845492362976074
child_spatial,11,odd_even_blocks,0,16,1,281,48,0.5298640915593705,0.4927575107296137,1.0007339715957642,-0.0007339715957641602
child_spatial,11,odd_even_blocks,0,18,2,460,60,0.5175625,0.5170833333333333,1.002650260925293,-0.0026502609252929688
child_spatial,11,odd_even_blocks,0,20,2,360,49,0.49265043638033995,0.48841787518866064,1.004251480102539,-0.0042514801025390625
child_spatial,11,odd_even_blocks,0,21,1,297,43,0.4305072331074895,0.45261856802783373,1.0347447395324707,-0.0347447395324707
child_spatial,11,odd_even_blocks,0,23,1,290,46,0.5074394155381325,0.5284212401995724,1.0052320957183838,-0.005232095718383789
child_spatial,11,odd_even_blocks,0,29,1,291,43,0.5329613653413353,0.5586552888222055,1.0042204856872559,-0.004220485687255859
child_spatial_meanfilter,11,odd_even_blocks,0,3,1,270,48,0.6692942942942942,0.5045045045045045,0.994213342666626,0.0057866573333740234
child_spatial_meanfilter,11,odd_even_blocks,0,6,2,525,78,0.46781965238341083,0.49165376011013595,1.002759337425232,-0.0027593374252319336
child_spatial_meanfilter,11,odd_even_blocks,0,7,1,275,43,0.5010525260625501,0.5,1.0018959045410156,-0.001895904541015625
child_spatial_meanfilter,11,odd_even_blocks,0,8,1,299,43,0.4996366279069767,0.501953125,1.0018786191940308,-0.0018786191940307617
child_spatial_meanfilter,11,odd_even_blocks,0,13,1,295,47,0.5326441317776253,0.5221774193548387,0.9997711181640625,0.0002288818359375
child_spatial_meanfilter,11,odd_even_blocks,0,15,1,305,46,0.4595014268927312,0.521655195568239,1.0055509805679321,-0.005550980567932129
child_spatial_meanfilter,11,odd_even_blocks,0,16,1,281,48,0.5052753934191703,0.4917292560801144,1.002713918685913,-0.002713918685913086
child_spatial_meanfilter,11,odd_even_blocks,0,18,2,460,60,0.5636458333333333,0.49916666666666665,0.9993295669555664,0.0006704330444335938
child_spatial_meanfilter,11,odd_even_blocks,0,20,2,360,49,0.5479034057352845,0.5,1.0005912780761719,-0.000591278076171875
child_spatial_meanfilter,11,odd_even_blocks,0,21,1,297,43,0.44103644021241534,0.5019685039370079,1.0036736726760864,-0.0036736726760864258
child_spatial_meanfilter,11,odd_even_blocks,0,23,1,290,46,0.4703759800427655,0.4782608695652174,1.0049186944961548,-0.004918694496154785
child_spatial_meanfilter,11,odd_even_blocks,0,29,1,291,43,0.5462303075768942,0.5004688672168042,1.0006197690963745,-0.0006197690963745117
child_spatial,11,odd_even_blocks,1,3,1,300,42,0.5231173864894794,0.49169435215946844,1.0010013580322266,-0.0010013580322265625
child_spatial,11,odd_even_blocks,1,6,2,604,98,0.4850165362587723,0.4897959183673469,1.0188512802124023,-0.018851280212402344
child_spatial,11,odd_even_blocks,1,7,1,323,47,0.5392383595436323,0.5750077089115017,1.0016248226165771,-0.0016248226165771484
child_spatial,11,odd_even_blocks,1,8,1,340,50,0.5658275862068965,0.5079310344827587,1.002709984779358,-0.00270998477935791
child_spatial,11,odd_even_blocks,1,13,1,332,45,0.5452187379016646,0.5332171893147503,1.0030213594436646,-0.0030213594436645508
child_spatial,11,odd_even_blocks,1,15,1,314,48,0.5049342105263157,0.46671365914786966,1.0062673091888428,-0.0062673091888427734
child_spatial,11,odd_even_blocks,1,16,1,305,46,0.467978848413631,0.4712942756421017,1.018932580947876,-0.018932580947875977
child_spatial,11,odd_even_blocks,1,18,2,474,67,0.5137702152627526,0.5303274780886722,1.0058633089065552,-0.005863308906555176
child_spatial,11,odd_even_blocks,1,20,2,422,69,0.5313872808638174,0.48891489099642815,1.0012540817260742,-0.0012540817260742188
child_spatial,11,odd_even_blocks,1,21,1,322,53,0.5350354211966051,0.4931963246124711,1.006162405014038,-0.006162405014038086
child_spatial,11,odd_even_blocks,1,23,1,335,49,0.44587555301841014,0.44038104752390467,1.0315685272216797,-0.03156852722167969
child_spatial,11,odd_even_blocks,1,29,1,277,47,0.5454671600370028,0.546854764107308,1.006007432937622,-0.00600743293762207
child_spatial_meanfilter,11,odd_even_blocks,1,3,1,300,42,0.5193337024732375,0.5035991140642303,1.0006721019744873,-0.0006721019744873047
child_spatial_meanfilter,11,odd_even_blocks,1,6,2,604,98,0.5099217552633702,0.4976607243687989,0.9999134540557861,8.654594421386719e-05
child_spatial_meanfilter,11,odd_even_blocks,1,7,1,323,47,0.47964847363552265,0.5006552574776442,1.0007150173187256,-0.0007150173187255859
child_spatial_meanfilter,11,odd_even_blocks,1,8,1,340,50,0.5544827586206896,0.5506896551724139,0.9981333017349243,0.0018666982650756836
child_spatial_meanfilter,11,odd_even_blocks,1,13,1,332,45,0.5327913279132792,0.47715834301200155,1.0017300844192505,-0.0017300844192504883
child_spatial_meanfilter,11,odd_even_blocks,1,15,1,314,48,0.5395520050125313,0.5349310776942356,1.00320565700531,-0.0032056570053100586
child_spatial_meanfilter,11,odd_even_blocks,1,16,1,305,46,0.45626993453080406,0.47276313580661405,1.0038888454437256,-0.003888845443725586
child_spatial_meanfilter,11,odd_even_blocks,1,18,2,474,67,0.43679636216949647,0.4908137445450878,1.0040968656539917,-0.004096865653991699
child_spatial_meanfilter,11,odd_even_blocks,1,20,2,422,69,0.520589563575153,0.5188036293467997,0.9996389150619507,0.0003610849380493164
child_spatial_meanfilter,11,odd_even_blocks,1,21,1,322,53,0.46983937714806756,0.4671038787963807,1.0023442506790161,-0.0023442506790161133
child_spatial_meanfilter,11,odd_even_blocks,1,23,1,335,49,0.500606536320822,0.5020693592122163,1.0006862878799438,-0.0006862878799438477
child_spatial_meanfilter,11,odd_even_blocks,1,29,1,277,47,0.537095282146161,0.5276595744680851,0.9966210126876831,0.0033789873123168945
child_spatial,11,early_late_halves,0,0,1,394,55,0.4567176186645213,0.48216680075087154,1.030426025390625,-0.030426025390625
child_spatial,11,early_late_halves,0,2,1,493,77,0.502637987012987,0.5078203046953047,1.0068330764770508,-0.006833076477050781
child_spatial,11,early_late_halves,0,3,1,415,58,0.5790833574809234,0.5603931227663479,0.9880061149597168,0.011993885040283203
child_spatial,11,early_late_halves,0,4,1,363,48,0.49689153439153444,0.5365079365079365,1.0189076662063599,-0.018907666206359863
child_spatial,11,early_late_halves,0,5,1,478,72,0.46047140120415986,0.4770457033388068,1.020984411239624,-0.020984411239624023
child_spatial,11,early_late_halves,0,6,2,831,132,0.5534421467897863,0.5330992326700481,0.9985033273696899,0.0014966726303100586
child_spatial,11,early_late_halves,0,7,1,448,63,0.49942279942279943,0.498989898989899,1.0059810876846313,-0.005981087684631348
child_spatial,11,early_late_halves,0,8,1,465,65,0.48323076923076924,0.46740384615384617,1.0117647647857666,-0.011764764785766602
child_spatial,11,early_late_halves,0,10,1,435,58,0.5752995518156041,0.5484084880636605,0.9804563522338867,0.01954364776611328
child_spatial,11,early_late_halves,0,12,1,404,61,0.5412464751708645,0.54944319648234,1.013256311416626,-0.013256311416625977
child_spatial,11,early_late_halves,0,13,1,465,65,0.43209615384615385,0.4304807692307692,1.0351948738098145,-0.03519487380981445
child_spatial,11,early_late_halves,0,14,1,313,49,0.45512523191094617,0.4581787260358689,1.046038269996643,-0.046038269996643066
child_spatial,11,early_late_halves,0,15,1,459,77,0.48119942884340794,0.4833582647718773,1.0214632749557495,-0.02146327495574951
child_spatial,11,early_late_halves,0,16,1,412,60,0.48842329545454544,0.49573863636363635,1.01881742477417,-0.018817424774169922
child_spatial,11,early_late_halves,0,17,1,403,52,0.4855084374315144,0.4797008547008547,1.014605164527893,-0.014605164527893066
child_spatial,11,early_late_halves,0,18,2,689,93,0.5232373529624016,0.5062333116836256,0.9979926347732544,0.0020073652267456055
child_spatial,11,early_late_halves,0,19,1,438,62,0.6165279684282772,0.6056108442004118,0.9824490547180176,0.017550945281982422
child_spatial,11,early_late_halves,0,20,2,565,94,0.48185165108189915,0.47709716763789134,1.0164518356323242,-0.01645183563232422
child_spatial,11,early_late_halves,0,21,1,474,70,0.5053748231966054,0.5061527581329561,1.0131621360778809,-0.01316213607788086
child_spatial,11,early_late_halves,0,22,1,409,67,0.515929126298333,0.4957231386925024,1.0016427040100098,-0.0016427040100097656
child_spatial,11,early_late_halves,0,23,1,469,69,0.47592391304347825,0.4786231884057971,1.0162495374679565,-0.016249537467956543
child_spatial,11,early_late_halves,0,26,1,311,45,0.45843776106934,0.47581453634085213,1.0350937843322754,-0.03509378433227539
child_spatial,11,early_late_halves,0,27,1,389,52,0.48362246062542796,0.5022540515863958,1.0377187728881836,-0.037718772888183594
child_spatial,11,early_late_halves,0,29,1,449,63,0.49004852372728014,0.49701866929846206,1.0221351385116577,-0.022135138511657715
child_spatial,11,early_late_halves,0,31,1,418,66,0.5588842975206612,0.5336174242424242,0.9979443550109863,0.002055644989013672
child_spatial,11,early_late_halves,0,32,1,319,42,0.5509712910434932,0.5636496475846656,0.9926774501800537,0.007322549819946289
child_spatial,11,early_late_halves,0,35,1,367,53,0.5424828746544886,0.5346112246124264,1.0140156745910645,-0.014015674591064453
child_spatial_meanfilter,11,early_late_halves,0,0,1,394,55,0.46296594261196033,0.45741485652990077,1.0032070875167847,-0.003207087516784668
child_spatial_meanfilter,11,early_late_halves,0,2,1,493,77,0.47455669330669326,0.49864198301698304,1.002414584159851,-0.0024145841598510742
child_spatial_meanfilter,11,early_late_halves,0,3,1,415,58,0.5605138607167005,0.5398918187964841,0.9957859516143799,0.004214048385620117
child_spatial_meanfilter,11,early_late_halves,0,4,1,363,48,0.5401124338624338,0.5638888888888889,0.9945386648178101,0.005461335182189941
child_spatial_meanfilter,11,early_late_halves,0,5,1,478,72,0.5838977832512315,0.5529214559386972,0.9955999851226807,0.004400014877319336
child_spatial_meanfilter,11,early_late_halves,0,6,2,831,132,0.5260166038063034,0.5138834698920536,0.9994601607322693,0.0005398392677307129
child_spatial_meanfilter,11,early_late_halves,0,7,1,448,63,0.5196866625438054,0.502020202020202,0.9991560578346252,0.0008439421653747559
child_spatial_meanfilter,11,early_late_halves,0,8,1,465,65,0.5506538461538462,0.5079807692307692,0.9967077970504761,0.0032922029495239258
child_spatial_meanfilter,11,early_late_halves,0,10,1,435,58,0.4029314918137748,0.4330238726790451,1.0068535804748535,-0.006853580474853516
child_spatial_meanfilter,11,early_late_halves,0,12,1,404,61,0.568106868039956,0.5560388089662094,0.9954724311828613,0.004527568817138672
child_spatial_meanfilter,11,early_late_halves,0,13,1,465,65,0.5203461538461539,0.4886538461538462,0.9992645978927612,0.0007354021072387695
child_spatial_meanfilter,11,early_late_halves,0,14,1,313,49,0.5662492269635127,0.5604514533085961,0.9965808391571045,0.003419160842895508
child_spatial_meanfilter,11,early_late_halves,0,15,1,459,77,0.5091793023730197,0.5012409056911675,0.9979572296142578,0.0020427703857421875
child_spatial_meanfilter,11,early_late_halves,0,16,1,412,60,0.47147253787878796,0.48522727272727273,1.006527066230774,-0.006527066230773926
child_spatial_meanfilter,11,early_late_halves,0,17,1,403,52,0.4547172912557528,0.44408831908831914,1.003442406654358,-0.00344240665435791
child_spatial_meanfilter,11,early_late_halves,0,18,2,689,93,0.5031211661975896,0.5122681677130692,0.9999758005142212,2.4199485778808594e-05
child_spatial_meanfilter,11,early_late_halves,0,19,1,438,62,0.47580645161290325,0.4880748112560055,1.0010708570480347,-0.001070857048034668
child_spatial_meanfilter,11,early_late_halves,0,20,2,565,94,0.5425080182499887,0.49606992817454937,0.9973047971725464,0.0026952028274536133
child_spatial_meanfilter,11,early_late_halves,0,21,1,474,70,0.5057107496463932,0.5393917963224893,1.000875473022461,-0.0008754730224609375
child_spatial_meanfilter,11,early_late_halves,0,22,1,409,67,0.4881077070786419,0.5089028541503011,1.0020660161972046,-0.00206601619720459
child_spatial_meanfilter,11,early_late_halves,0,23,1,469,69,0.49820652173913044,0.4879347826086956,1.0008116960525513,-0.0008116960525512695
child_spatial_meanfilter,11,early_late_halves,0,26,1,311,45,0.5436925647451963,0.5525480367585631,0.996956467628479,0.003043532371520996
child_spatial_meanfilter,11,early_late_halves,0,27,1,389,52,0.48128281214334623,0.4861047706003196,1.0026835203170776,-0.0026835203170776367
child_spatial_meanfilter,11,early_late_halves,0,29,1,449,63,0.4808578008059873,0.4916317131343038,1.0032068490982056,-0.0032068490982055664
child_spatial_meanfilter,11,early_late_halves,0,31,1,418,66,0.5134727961432506,0.5298295454545454,0.9995779991149902,0.0004220008850097656
child_spatial_meanfilter,11,early_late_halves,0,32,1,319,42,0.5814423242221076,0.5431493897197868,0.9911483526229858,0.00885164737701416
child_spatial_meanfilter,11,early_late_halves,0,35,1,367,53,0.5585566638625166,0.5277310419420742,0.9960411190986633,0.00395888090133667
child_spatial,11,early_late_halves,1,0,1,412,61,0.4728877679697352,0.4802204474335622,1.0207524299621582,-0.020752429962158203
child_spatial,11,early_late_halves,1,2,1,464,66,0.49053982031368965,0.5153037916857013,1.0152826309204102,-0.015282630920410156
child_spatial,11,early_late_halves,1,3,1,432,65,0.4610983022427164,0.4412282540347936,1.029906988143921,-0.0299069881439209
child_spatial,11,early_late_halves,1,4,1,400,75,0.5113435897435896,0.5235897435897436,1.003098487854004,-0.0030984878540039062
child_spatial,11,early_late_halves,1,5,1,473,73,0.5074657534246575,0.5160787671232877,1.0116409063339233,-0.01164090633392334
child_spatial,11,early_late_halves,1,6,2,867,124,0.47319606651326357,0.5043524508314158,1.0139377117156982,-0.013937711715698242
child_spatial,11,early_late_halves,1,7,1,433,67,0.4909876845281788,0.48723595139058806,1.0106912851333618,-0.010691285133361816
child_spatial,11,early_late_halves,1,8,1,482,74,0.42900437201907793,0.4349165341812401,1.0418139696121216,-0.04181396961212158
child_spatial,11,early_late_halves,1,10,1,338,57,0.4502403696072923,0.48467253543110445,1.0396652221679688,-0.03966522216796875
child_spatial,11,early_late_halves,1,12,1,326,47,0.5494166094715168,0.5632197056356287,1.0097837448120117,-0.009783744812011719
child_spatial,11,early_late_halves,1,13,1,475,76,0.43055005935892365,0.43546365914786966,1.0398588180541992,-0.03985881805419922
child_spatial,11,early_late_halves,1,14,1,416,60,0.4838483146067416,0.477808988764045,1.006313443183899,-0.006313443183898926
child_spatial,11,early_late_halves,1,15,1,461,63,0.5071388689479142,0.5047658929568477,1.0486938953399658,-0.04869389533996582
child_spatial,11,early_late_halves,1,16,1,456,75,0.47790026246719164,0.47055118110236227,1.0142498016357422,-0.014249801635742188
child_spatial,11,early_late_halves,1,17,1,406,64,0.48416940789473684,0.49803545321637427,1.0183055400848389,-0.018305540084838867
child_spatial,11,early_late_halves,1,18,2,681,101,0.5112239672243086,0.510652099692728,1.0077872276306152,-0.007787227630615234
child_spatial,11,early_late_halves,1,19,1,398,67,0.6222888578256751,0.5419127925328042,0.9805757999420166,0.0194242000579834
child_spatial,11,early_late_halves,1,20,2,560,82,0.5286763955505664,0.5269925502602306,0.9994505643844604,0.0005494356155395508
child_spatial,11,early_late_halves,1,21,1,445,69,0.5691103916127044,0.5631167129201357,0.9948635101318359,0.0051364898681640625
child_spatial,11,early_late_halves,1,22,1,470,71,0.44735077129443324,0.47908503653499945,1.0248563289642334,-0.0248563289642334
child_spatial,11,early_late_halves,1,23,1,470,72,0.5284757118927973,0.5486111111111112,1.0085413455963135,-0.008541345596313477
child_spatial,11,early_late_halves,1,26,1,352,58,0.48255336617405575,0.4922589725545391,1.018236756324768,-0.018236756324768066
child_spatial,11,early_late_halves,1,27,1,373,70,0.5407826496935408,0.48335690711928336,0.9931912422180176,0.006808757781982422
child_spatial,11,early_late_halves,1,29,1,392,65,0.5310044695365796,0.5185132909903553,0.9998480081558228,0.0001519918441772461
child_spatial,11,early_late_halves,1,31,1,379,49,0.5429189857761286,0.5198515769944341,1.0182063579559326,-0.018206357955932617
child_spatial,11,early_late_halves,1,32,1,462,78,0.4675647702991453,0.4736578525641026,1.028991937637329,-0.0289919376373291
child_spatial,11,early_late_halves,1,35,1,412,64,0.5368399784482759,0.5158045977011494,1.0124876499176025,-0.012487649917602539
child_spatial_meanfilter,11,early_late_halves,1,0,1,412,61,0.5299145299145299,0.5207370043435617,0.9982732534408569,0.0017267465591430664
child_spatial_meanfilter,11,early_late_halves,1,2,1,464,66,0.5538107202680067,0.519605603776458,0.9978773593902588,0.002122640609741211
child_spatial_meanfilter,11,early_late_halves,1,3,1,432,65,0.4804862712219661,0.519534688744498,1.001685380935669,-0.0016853809356689453
child_spatial_meanfilter,11,early_late_halves,1,4,1,400,75,0.5522666666666667,0.5507692307692308,0.9976853132247925,0.0023146867752075195
child_spatial_meanfilter,11,early_late_halves,1,5,1,473,73,0.43553082191780823,0.4535958904109589,1.0053744316101074,-0.005374431610107422
child_spatial_meanfilter,11,early_late_halves,1,6,2,867,124,0.5249696088221247,0.5099476837580862,0.9990456104278564,0.0009543895721435547
child_spatial_meanfilter,11,early_late_halves,1,7,1,433,67,0.5273427942255934,0.5257727754669277,1.0009361505508423,-0.0009361505508422852
child_spatial_meanfilter,11,early_late_halves,1,8,1,482,74,0.4544084525702173,0.4910903550609433,1.0061941146850586,-0.006194114685058594
child_spatial_meanfilter,11,early_late_halves,1,10,1,338,57,0.40232253230942117,0.48236248985452956,1.0127952098846436,-0.012795209884643555
child_spatial_meanfilter,11,early_late_halves,1,12,1,326,47,0.42732402958895754,0.48776023793182344,1.010467529296875,-0.010467529296875
child_spatial_meanfilter,11,early_late_halves,1,13,1,475,76,0.5045673394011344,0.4924812030075188,0.9997035264968872,0.00029647350311279297
child_spatial_meanfilter,11,early_late_halves,1,14,1,416,60,0.5657303370786517,0.5519662921348314,0.9978345632553101,0.0021654367446899414
child_spatial_meanfilter,11,early_late_halves,1,15,1,461,63,0.5009172848368828,0.5204793810321449,1.0051746368408203,-0.0051746368408203125
child_spatial_meanfilter,11,early_late_halves,1,16,1,456,75,0.51084864391951,0.4720734908136483,1.0015672445297241,-0.001567244529724121
child_spatial_meanfilter,11,early_late_halves,1,17,1,406,64,0.5082236842105263,0.4923702485380117,1.0004280805587769,-0.00042808055877685547
child_spatial_meanfilter,11,early_late_halves,1,18,2,681,101,0.446039603960396,0.4669426425401161,1.0037016868591309,-0.0037016868591308594
child_spatial_meanfilter,11,early_late_halves,1,19,1,398,67,0.36945934977679573,0.4098841141723407,1.0122722387313843,-0.012272238731384277
child_spatial_meanfilter,11,early_late_halves,1,20,2,560,82,0.5188412082865599,0.49086641494030003,0.9994349479675293,0.0005650520324707031
child_spatial_meanfilter,11,early_late_halves,1,21,1,445,69,0.5385060129509713,0.5222594819611471,0.9976294040679932,0.002370595932006836
child_spatial_meanfilter,11,early_late_halves,1,22,1,470,71,0.5416357795898197,0.5040064951110169,0.998810887336731,0.001189112663269043
child_spatial_meanfilter,11,early_late_halves,1,23,1,470,72,0.5274811557788945,0.48726270240089337,0.9994250535964966,0.000574946403503418
child_spatial_meanfilter,11,early_late_halves,1,26,1,352,58,0.5879955430448041,0.5460942997888811,0.9927862882614136,0.007213711738586426
child_spatial_meanfilter,11,early_late_halves,1,27,1,373,70,0.5548561999057049,0.5212399811409713,0.9969156980514526,0.0030843019485473633
child_spatial_meanfilter,11,early_late_halves,1,29,1,392,65,0.5001176193836745,0.5254057868736768,1.0014996528625488,-0.0014996528625488281
child_spatial_meanfilter,11,early_late_halves,1,31,1,379,49,0.43126159554730986,0.45445269016697587,1.009094476699829,-0.009094476699829102
child_spatial_meanfilter,11,early_late_halves,1,32,1,462,78,0.5028712606837606,0.5061097756410257,0.9999223351478577,7.766485214233398e-05
child_spatial_meanfilter,11,early_late_halves,1,35,1,412,64,0.49975305316091956,0.4943426724137931,1.000936508178711,-0.0009365081787109375
child_spatial,22,odd_even_blocks,0,3,1,270,48,0.4172766516516516,0.4420045045045045,1.024256944656372,-0.02425694465637207
child_spatial,22,odd_even_blocks,0,6,2,525,78,0.5107267825388631,0.5353209430390639,1.008866786956787,-0.00886678695678711
child_spatial,22,odd_even_blocks,0,7,1,275,43,0.5178428227746592,0.541649959903769,1.0007234811782837,-0.0007234811782836914
child_spatial,22,odd_even_blocks,0,8,1,299,43,0.6072856104651163,0.5605014534883721,0.9955534934997559,0.004446506500244141
child_spatial,22,odd_even_blocks,0,13,1,295,47,0.5865648592999314,0.5735243651338366,0.9872970581054688,0.01270294189453125
child_spatial,22,odd_even_blocks,0,15,1,305,46,0.5681970790666444,0.540078898774551,0.9906025528907776,0.009397447109222412
child_spatial,22,odd_even_blocks,0,16,1,281,48,0.5211462804005723,0.5277628755364807,1.0007593631744385,-0.0007593631744384766
child_spatial,22,odd_even_blocks,0,18,2,460,60,0.5608541666666667,0.525,0.9911428093910217,0.008857190608978271
child_spatial,22,odd_even_blocks,0,20,2,360,49,0.524345429490124,0.528971717304285,1.000707745552063,-0.0007077455520629883
child_spatial,22,odd_even_blocks,0,21,1,297,43,0.5173960813037906,0.5163889397546237,1.0065040588378906,-0.006504058837890625
child_spatial,22,odd_even_blocks,0,23,1,290,46,0.4340698503207412,0.4538488952245189,1.031135082244873,-0.031135082244873047
child_spatial,22,odd_even_blocks,0,29,1,291,43,0.5237715678919731,0.47327456864216055,1.0050803422927856,-0.0050803422927856445
child_spatial_meanfilter,22,odd_even_blocks,0,3,1,270,48,0.5521771771771771,0.540259009009009,0.9974479675292969,0.002552032470703125
child_spatial_meanfilter,22,odd_even_blocks,0,6,2,525,78,0.49262892215912346,0.4907072792978833,1.0021429061889648,-0.0021429061889648438
child_spatial_meanfilter,22,odd_even_blocks,0,7,1,275,43,0.5439554931836408,0.5126804330392943,0.9970182180404663,0.0029817819595336914
child_spatial_meanfilter,22,odd_even_blocks,0,8,1,299,43,0.51171875,0.5252543604651163,1.0026915073394775,-0.002691507339477539
child_spatial_meanfilter,22,odd_even_blocks,0,13,1,295,47,0.5180593685655457,0.5124828414550446,0.9989337921142578,0.0010662078857421875
child_spatial_meanfilter,22,odd_even_blocks,0,15,1,305,46,0.5332382071512506,0.5302165519556824,0.9975701570510864,0.0024298429489135742
child_spatial_meanfilter,22,odd_even_blocks,0,16,1,281,48,0.5502950643776824,0.5583422746781116,0.9977291822433472,0.002270817756652832
child_spatial_meanfilter,22,odd_even_blocks,0,18,2,460,60,0.5571041666666667,0.5241666666666667,0.9974569082260132,0.0025430917739868164
child_spatial_meanfilter,22,odd_even_blocks,0,20,2,360,49,0.4678456591639871,0.501706148697421,1.0020626783370972,-0.002062678337097168
child_spatial_meanfilter,22,odd_even_blocks,0,21,1,297,43,0.4245101629738144,0.42780626258926935,1.0038020610809326,-0.003802061080932617
child_spatial_meanfilter,22,odd_even_blocks,0,23,1,290,46,0.48080007127583746,0.5100677120456165,1.0022187232971191,-0.0022187232971191406
child_spatial_meanfilter,22,odd_even_blocks,0,29,1,291,43,0.49221680420105024,0.4775881470367592,1.0003159046173096,-0.0003159046173095703
child_spatial,22,odd_even_blocks,1,3,1,300,42,0.4870339608711701,0.5301771871539314,1.0181221961975098,-0.018122196197509766
child_spatial,22,odd_even_blocks,1,6,2,604,98,0.5333145115753811,0.515689279664435,1.0000834465026855,-8.344650268554688e-05
child_spatial,22,odd_even_blocks,1,7,1,323,47,0.48647086031452363,0.4738667900092507,1.0015523433685303,-0.0015523433685302734
child_spatial,22,odd_even_blocks,1,8,1,340,50,0.4900344827586207,0.49448275862068963,1.008003830909729,-0.008003830909729004
child_spatial,22,odd_even_blocks,1,13,1,332,45,0.48668215253581104,0.4848238482384824,1.0136375427246094,-0.013637542724609375
child_spatial,22,odd_even_blocks,1,15,1,314,48,0.47470238095238093,0.47885338345864664,1.0309102535247803,-0.030910253524780273
child_spatial,22,odd_even_blocks,1,16,1,305,46,0.4584102736276649,0.45526271613228136,1.0124528408050537,-0.012452840805053711
child_spatial,22,odd_even_blocks,1,18,2,474,67,0.5070042905863802,0.4944625765521288,1.010151743888855,-0.01015174388885498
child_spatial,22,odd_even_blocks,1,20,2,422,69,0.565484255039619,0.5264400377714825,0.9912542104721069,0.008745789527893066
child_spatial,22,odd_even_blocks,1,21,1,322,53,0.5473451637791962,0.5435575506768605,0.9913345575332642,0.00866544246673584
child_spatial,22,odd_even_blocks,1,23,1,335,49,0.4803767660910518,0.45550877693734837,1.0048675537109375,-0.0048675537109375
child_spatial,22,odd_even_blocks,1,29,1,277,47,0.4899629972247918,0.47067530064754853,1.0219048261642456,-0.021904826164245605
child_spatial_meanfilter,22,odd_even_blocks,1,3,1,300,42,0.41149870801033595,0.43050941306755264,1.0055975914001465,-0.005597591400146484
child_spatial_meanfilter,22,odd_even_blocks,1,6,2,604,98,0.5356437041219652,0.5006453174155038,0.9982973337173462,0.0017026662826538086
child_spatial_meanfilter,22,odd_even_blocks,1,7,1,323,47,0.5265186555658341,0.5005396238051187,0.9988952279090881,0.0011047720909118652
child_spatial_meanfilter,22,odd_even_blocks,1,8,1,340,50,0.49344827586206896,0.5006896551724138,1.0016931295394897,-0.001693129539489746
child_spatial_meanfilter,22,odd_even_blocks,1,13,1,332,45,0.46035617499032133,0.5199380565234224,1.0015757083892822,-0.0015757083892822266
child_spatial_meanfilter,22,odd_even_blocks,1,15,1,314,48,0.46271929824561403,0.47352756892230574,1.007274866104126,-0.0072748661041259766
child_spatial_meanfilter,22,odd_even_blocks,1,16,1,305,46,0.5283280174584523,0.5425130099043143,0.9998621940612793,0.00013780593872070312
child_spatial_meanfilter,22,odd_even_blocks,1,18,2,474,67,0.48962191499504937,0.49915655139535736,1.0008294582366943,-0.0008294582366943359
child_spatial_meanfilter,22,odd_even_blocks,1,20,2,422,69,0.44847477111302714,0.4680995196452765,1.0030646324157715,-0.0030646324157714844
child_spatial_meanfilter,22,odd_even_blocks,1,21,1,322,53,0.550185873605948,0.536929227747773,0.9981329441070557,0.001867055892944336
child_spatial_meanfilter,22,odd_even_blocks,1,23,1,335,49,0.478414442700157,0.5237619523333809,1.002267599105835,-0.002267599105834961
child_spatial_meanfilter,22,odd_even_blocks,1,29,1,277,47,0.4998612395929695,0.4603607770582794,1.0002740621566772,-0.0002740621566772461
child_spatial,22,early_late_halves,0,0,1,394,55,0.5004290694556182,0.5030839367122553,1.017502784729004,-0.017502784729003906
child_spatial,22,early_late_halves,0,2,1,493,77,0.47379183316683315,0.46642420079920077,1.025247573852539,-0.025247573852539062
child_spatial,22,early_late_halves,0,3,1,415,58,0.4889645513377765,0.5045638945233266,1.0164202451705933,-0.01642024517059326
child_spatial,22,early_late_halves,0,4,1,363,48,0.5757275132275133,0.5327380952380952,0.9845256805419922,0.015474319458007812
child_spatial,22,early_late_halves,0,5,1,478,72,0.5320197044334976,0.5521688560481663,1.0031516551971436,-0.0031516551971435547
child_spatial,22,early_late_halves,0,6,2,831,132,0.5247864915246889,0.5003088828196124,1.0007117986679077,-0.0007117986679077148
child_spatial,22,early_late_halves,0,7,1,448,63,0.48864151721294574,0.4747474747474747,1.0046817064285278,-0.004681706428527832
child_spatial,22,early_late_halves,0,8,1,465,65,0.5269423076923077,0.5252884615384615,1.0057668685913086,-0.005766868591308594
child_spatial,22,early_late_halves,0,10,1,435,58,0.5211972926003842,0.5172413793103449,1.0134937763214111,-0.013493776321411133
child_spatial,22,early_late_halves,0,12,1,404,61,0.5169430769966066,0.5369210916216604,1.0153530836105347,-0.015353083610534668
child_spatial,22,early_late_halves,0,13,1,465,65,0.5776153846153846,0.5744230769230769,0.9848130941390991,0.015186905860900879
child_spatial,22,early_late_halves,0,14,1,313,49,0.48774737167594306,0.4832251082251082,1.0477904081344604,-0.04779040813446045
child_spatial,22,early_late_halves,0,15,1,459,77,0.4732270347453594,0.48794791595838716,1.0226582288742065,-0.022658228874206543
child_spatial,22,early_late_halves,0,16,1,412,60,0.5086174242424242,0.4890151515151515,1.0058292150497437,-0.005829215049743652
child_spatial,22,early_late_halves,0,17,1,403,52,0.5543776024545255,0.5146011396011396,0.9969715476036072,0.0030284523963928223
child_spatial,22,early_late_halves,0,18,2,689,93,0.5168687306054702,0.5296871617233168,1.0048943758010864,-0.004894375801086426
child_spatial,22,early_late_halves,0,19,1,438,62,0.5382206588881263,0.5214910775566232,0.9992005825042725,0.0007994174957275391
child_spatial,22,early_late_halves,0,20,2,565,94,0.50090346478746,0.4920495098703528,1.007401704788208,-0.007401704788208008
child_spatial,22,early_late_halves,0,21,1,474,70,0.6071605374823197,0.5924681753889676,0.98153156042099,0.01846843957901001
child_spatial,22,early_late_halves,0,22,1,409,67,0.5419176049576678,0.48819498996246835,0.9953461289405823,0.004653871059417725
child_spatial,22,early_late_halves,0,23,1,469,69,0.4388768115942029,0.4296739130434783,1.0268982648849487,-0.02689826488494873
child_spatial,22,early_late_halves,0,26,1,311,45,0.5046783625730994,0.46537176274018377,1.017857313156128,-0.01785731315612793
child_spatial,22,early_late_halves,0,27,1,389,52,0.4431065966674275,0.4897854371148139,1.0295920372009277,-0.029592037200927734
child_spatial,22,early_late_halves,0,29,1,449,63,0.4966074512706637,0.5005551443375278,1.0128285884857178,-0.012828588485717773
child_spatial,22,early_late_halves,0,31,1,418,66,0.6192536157024793,0.5733901515151515,0.9833745360374451,0.01662546396255493
child_spatial,22,early_late_halves,0,32,1,319,42,0.46355509712910437,0.47709300326628845,1.020693063735962,-0.020693063735961914
child_spatial,22,early_late_halves,0,35,1,367,53,0.5028842687177022,0.5402295397187837,1.0278968811035156,-0.027896881103515625
child_spatial_meanfilter,22,early_late_halves,0,0,1,394,55,0.4610351300616787,0.4719227674979887,1.0048106908798218,-0.004810690879821777
child_spatial_meanfilter,22,early_late_halves,0,2,1,493,77,0.45712100399600397,0.4620535714285714,1.0047552585601807,-0.004755258560180664
child_spatial_meanfilter,22,early_late_halves,0,3,1,415,58,0.5217569786535303,0.5093934125374288,0.9989040493965149,0.0010959506034851074
child_spatial_meanfilter,22,early_late_halves,0,4,1,363,48,0.6260912698412698,0.570734126984127,0.990019679069519,0.009980320930480957
child_spatial_meanfilter,22,early_late_halves,0,5,1,478,72,0.5353379857690203,0.4966817186644773,0.9985818862915039,0.0014181137084960938
child_spatial_meanfilter,22,early_late_halves,0,6,2,831,132,0.46198031820349417,0.4850435687345559,1.005140781402588,-0.005140781402587891
child_spatial_meanfilter,22,early_late_halves,0,7,1,448,63,0.5227994227994228,0.5572871572871573,0.9997938871383667,0.00020611286163330078
child_spatial_meanfilter,22,early_late_halves,0,8,1,465,65,0.44846153846153847,0.4739423076923077,1.0068293809890747,-0.006829380989074707
child_spatial_meanfilter,22,early_late_halves,0,10,1,435,58,0.4689929571023507,0.46485411140583555,1.003949522972107,-0.003949522972106934
child_spatial_meanfilter,22,early_late_halves,0,12,1,404,61,0.5590976437413373,0.5624432442766334,0.9968255758285522,0.003174424171447754
child_spatial_meanfilter,22,early_late_halves,0,13,1,465,65,0.49575,0.4933653846153846,0.9993675947189331,0.0006324052810668945
child_spatial_meanfilter,22,early_late_halves,0,14,1,313,49,0.48268398268398266,0.5098562152133581,1.0066564083099365,-0.0066564083099365234
child_spatial_meanfilter,22,early_late_halves,0,15,1,459,77,0.4553613925341674,0.4756748487114979,1.0062521696090698,-0.006252169609069824
child_spatial_meanfilter,22,early_late_halves,0,16,1,412,60,0.5058238636363637,0.5032196969696969,1.0006842613220215,-0.0006842613220214844
child_spatial_meanfilter,22,early_late_halves,0,17,1,403,52,0.534571553802323,0.5010683760683761,0.9981473684310913,0.0018526315689086914
child_spatial_meanfilter,22,early_late_halves,0,18,2,689,93,0.5455004690770008,0.5145955112939309,0.9975918531417847,0.002408146858215332
child_spatial_meanfilter,22,early_late_halves,0,19,1,438,62,0.612667295813315,0.5353466026080989,0.9926012754440308,0.007398724555969238
child_spatial_meanfilter,22,early_late_halves,0,20,2,565,94,0.5138343045579798,0.5161946063152189,1.0007109642028809,-0.0007109642028808594
child_spatial_meanfilter,22,early_late_halves,0,21,1,474,70,0.4134724186704385,0.433946251768034,1.0077245235443115,-0.0077245235443115234
child_spatial_meanfilter,22,early_late_halves,0,22,1,409,67,0.4987998603473859,0.5112158505717028,1.000794768333435,-0.0007947683334350586
child_spatial_meanfilter,22,early_late_halves,0,23,1,469,69,0.5194746376811594,0.5209420289855072,1.0005230903625488,-0.0005230903625488281
child_spatial_meanfilter,22,early_late_halves,0,26,1,311,45,0.48596491228070177,0.47406015037593985,1.00465726852417,-0.004657268524169922
child_spatial_meanfilter,22,early_late_halves,0,27,1,389,52,0.46133873544852777,0.47320817165030815,1.004359483718872,-0.00435948371887207
child_spatial_meanfilter,22,early_late_halves,0,29,1,449,63,0.4935438769635661,0.4896784275022617,1.001891851425171,-0.0018918514251708984
child_spatial_meanfilter,22,early_late_halves,0,31,1,418,66,0.49804149449035806,0.5184659090909091,1.0008496046066284,-0.000849604606628418
child_spatial_meanfilter,22,early_late_halves,0,32,1,319,42,0.4669503180333505,0.48616125150421174,1.0100520849227905,-0.010052084922790527
child_spatial_meanfilter,22,early_late_halves,0,35,1,367,53,0.47800745102752074,0.4569162360293234,1.0038740634918213,-0.003874063491821289
child_spatial,22,early_late_halves,1,0,1,412,61,0.5213441688851526,0.5422446406052963,1.005090355873108,-0.00509035587310791
child_spatial,22,early_late_halves,1,2,1,464,66,0.5236409319323891,0.5035784985533729,1.003535270690918,-0.0035352706909179688
child_spatial,22,early_late_halves,1,3,1,432,65,0.4720184447704884,0.4558163906937749,1.0251044034957886,-0.025104403495788574
child_spatial,22,early_late_halves,1,4,1,400,75,0.565374358974359,0.522051282051282,0.9915661215782166,0.008433878421783447
child_spatial,22,early_late_halves,1,5,1,473,73,0.48027397260273974,0.48378424657534247,1.0150941610336304,-0.015094161033630371
child_spatial,22,early_late_halves,1,6,2,867,124,0.5407350323448965,0.5359647028176964,1.0009517669677734,-0.0009517669677734375
child_spatial,22,early_late_halves,1,7,1,433,67,0.49940869423374934,0.5048731751080663,1.0068941116333008,-0.006894111633300781
child_spatial,22,early_late_halves,1,8,1,482,74,0.5216613672496024,0.4851947535771065,1.0013569593429565,-0.001356959342956543
child_spatial,22,early_late_halves,1,10,1,338,57,0.4806143472560404,0.4739963788474746,1.0425572395324707,-0.0425572395324707
child_spatial,22,early_late_halves,1,12,1,326,47,0.5413330282925342,0.5382444902005643,1.0205860137939453,-0.020586013793945312
child_spatial,22,early_late_halves,1,13,1,475,76,0.45104537659939326,0.4476817042606517,1.0252941846847534,-0.025294184684753418
child_spatial,22,early_late_halves,1,14,1,416,60,0.504190074906367,0.4887640449438202,1.0049614906311035,-0.004961490631103516
child_spatial,22,early_late_halves,1,15,1,461,63,0.48723777618249975,0.47421631969370664,1.0293505191802979,-0.02935051918029785
child_spatial,22,early_late_halves,1,16,1,456,75,0.4961154855643044,0.5130708661417323,1.0213677883148193,-0.021367788314819336
child_spatial,22,early_late_halves,1,17,1,406,64,0.547468932748538,0.5356359649122807,0.999657392501831,0.0003426074981689453
child_spatial,22,early_late_halves,1,18,2,681,101,0.527082622055309,0.5111215431888017,1.013242483139038,-0.013242483139038086
child_spatial,22,early_late_halves,1,19,1,398,67,0.6448798304549759,0.5618208053388646,0.9647626876831055,0.03523731231689453
child_spatial,22,early_late_halves,1,20,2,560,82,0.5124630064292275,0.5129094805592407,1.0117440223693848,-0.011744022369384766
child_spatial,22,early_late_halves,1,21,1,445,69,0.5889222941720629,0.5584720937403639,0.9860390424728394,0.013960957527160645
child_spatial,22,early_late_halves,1,22,1,470,71,0.43940838010519256,0.43748455646157647,1.0208768844604492,-0.02087688446044922
child_spatial,22,early_late_halves,1,23,1,470,72,0.5424343941931882,0.533396147403685,0.990981936454773,0.00901806354522705
child_spatial,22,early_late_halves,1,26,1,352,58,0.5188834154351396,0.5492024395965283,1.0103446245193481,-0.010344624519348145
child_spatial,22,early_late_halves,1,27,1,373,70,0.518859028760019,0.5151107967939651,1.0061116218566895,-0.006111621856689453
child_spatial,22,early_late_halves,1,29,1,392,65,0.4797224182545284,0.4616090331686662,1.0202240943908691,-0.02022409439086914
child_spatial,22,early_late_halves,1,31,1,379,49,0.4786951144094001,0.512677798392084,1.0373507738113403,-0.03735077381134033
child_spatial,22,early_late_halves,1,32,1,462,78,0.47751402243589747,0.5016025641025641,1.0216965675354004,-0.02169656753540039
child_spatial,22,early_late_halves,1,35,1,412,64,0.4677846623563219,0.4520474137931034,1.0435965061187744,-0.043596506118774414
child_spatial_meanfilter,22,early_late_halves,1,0,1,412,61,0.5047405539208818,0.5116762411844379,1.0020277500152588,-0.002027750015258789
child_spatial_meanfilter,22,early_late_halves,1,2,1,464,66,0.4799946703213035,0.48694228719354343,1.0019176006317139,-0.0019176006317138672
child_spatial_meanfilter,22,early_late_halves,1,3,1,432,65,0.4696499685600503,0.4958499266401174,1.0026825666427612,-0.0026825666427612305
child_spatial_meanfilter,22,early_late_halves,1,4,1,400,75,0.5318564102564103,0.5312820512820513,0.9987902641296387,0.0012097358703613281
child_spatial_meanfilter,22,early_late_halves,1,5,1,473,73,0.48905821917808223,0.5027568493150685,1.0016210079193115,-0.0016210079193115234
child_spatial_meanfilter,22,early_late_halves,1,6,2,867,124,0.5158305474753614,0.5149133851430556,0.99979567527771,0.00020432472229003906
child_spatial_meanfilter,22,early_late_halves,1,7,1,433,67,0.51971698882636,0.4971454204387896,0.9998326301574707,0.00016736984252929688
child_spatial_meanfilter,22,early_late_halves,1,8,1,482,74,0.4968203497615262,0.4916865394806571,1.0005935430526733,-0.0005935430526733398
child_spatial_meanfilter,22,early_late_halves,1,10,1,338,57,0.5123618655178872,0.5143285259411875,0.9986314177513123,0.0013685822486877441
child_spatial_meanfilter,22,early_late_halves,1,12,1,326,47,0.5070921985815602,0.5195226111492413,1.0022462606430054,-0.002246260643005371
child_spatial_meanfilter,22,early_late_halves,1,13,1,475,76,0.5062986413401926,0.456453634085213,1.0018764734268188,-0.0018764734268188477
child_spatial_meanfilter,22,early_late_halves,1,14,1,416,60,0.5314840823970037,0.5151685393258427,0.9997736215591431,0.0002263784408569336
child_spatial_meanfilter,22,early_late_halves,1,15,1,461,63,0.4652428810720268,0.47250139586823003,1.0089049339294434,-0.00890493392944336
child_spatial_meanfilter,22,early_late_halves,1,16,1,456,75,0.5030271216097988,0.4811548556430446,1.0006663799285889,-0.0006663799285888672
child_spatial_meanfilter,22,early_late_halves,1,17,1,406,64,0.47886970029239767,0.49346673976608185,1.001413345336914,-0.0014133453369140625
child_spatial_meanfilter,22,early_late_halves,1,18,2,681,101,0.48645442130419936,0.5020740867190168,1.002420425415039,-0.0024204254150390625
child_spatial_meanfilter,22,early_late_halves,1,19,1,398,67,0.39236596473824226,0.44307165080939714,1.0080699920654297,-0.008069992065429688
child_spatial_meanfilter,22,early_late_halves,1,20,2,560,82,0.43208490662312476,0.444331054189203,1.0071234703063965,-0.007123470306396484
child_spatial_meanfilter,22,early_late_halves,1,21,1,445,69,0.5984813444341659,0.5265379278445883,0.9944490790367126,0.0055509209632873535
child_spatial_meanfilter,22,early_late_halves,1,22,1,470,71,0.5032299057502913,0.46597126619365314,1.0017095804214478,-0.001709580421447754
child_spatial_meanfilter,22,early_late_halves,1,23,1,470,72,0.4797773590173088,0.46915131211613625,1.0037298202514648,-0.0037298202514648438
child_spatial_meanfilter,22,early_late_halves,1,26,1,352,58,0.6285479709125029,0.5330752990851513,0.9910745620727539,0.008925437927246094
child_spatial_meanfilter,22,early_late_halves,1,27,1,373,70,0.4794200848656293,0.4792786421499292,1.0022015571594238,-0.002201557159423828
child_spatial_meanfilter,22,early_late_halves,1,29,1,392,65,0.5226299694189602,0.5131027993413314,1.0014764070510864,-0.0014764070510864258
child_spatial_meanfilter,22,early_late_halves,1,31,1,379,49,0.43098330241187377,0.44502164502164504,1.01389479637146,-0.013894796371459961
child_spatial_meanfilter,22,early_late_halves,1,32,1,462,78,0.4774639423076923,0.4668469551282051,1.0025672912597656,-0.002567291259765625
child_spatial_meanfilter,22,early_late_halves,1,35,1,412,64,0.5184985632183907,0.5132902298850575,1.0000675916671753,-6.759166717529297e-05
child_spatial,33,odd_even_blocks,0,3,1,270,48,0.5615146396396397,0.49070945945945943,0.998807966709137,0.0011920332908630371
child_spatial,33,odd_even_blocks,0,6,2,525,78,0.5056645442551483,0.4935036998795388,1.0045288801193237,-0.0045288801193237305
child_spatial,33,odd_even_blocks,0,7,1,275,43,0.4711808340016039,0.4837610264635124,1.011407494544983,-0.01140749454498291
child_spatial,33,odd_even_blocks,0,8,1,299,43,0.5328397529069767,0.5301144622093024,1.003371238708496,-0.0033712387084960938
child_spatial,33,odd_even_blocks,0,13,1,295,47,0.4390871654083733,0.42467398764584763,1.0311557054519653,-0.031155705451965332
child_spatial,33,odd_even_blocks,0,15,1,305,46,0.5020983716635891,0.5059174080913211,1.0129597187042236,-0.012959718704223633
child_spatial,33,odd_even_blocks,0,16,1,281,48,0.47143240343347637,0.4676323319027182,1.014323353767395,-0.01432335376739502
child_spatial,33,odd_even_blocks,0,18,2,460,60,0.4879583333333334,0.4775,1.0147408246994019,-0.014740824699401855
child_spatial,33,odd_even_blocks,0,20,2,360,49,0.57405341557845,0.554399895006234,0.9957785606384277,0.004221439361572266
child_spatial,33,odd_even_blocks,0,21,1,297,43,0.5789690532869438,0.5462369529390222,0.9938281774520874,0.006171822547912598
child_spatial,33,odd_even_blocks,0,23,1,290,46,0.434248039914469,0.47015324305060585,1.018082857131958,-0.018082857131958008
child_spatial,33,odd_even_blocks,0,29,1,291,43,0.4889816204051013,0.44997186796699173,1.0085582733154297,-0.008558273315429688
child_spatial_meanfilter,33,odd_even_blocks,0,3,1,270,48,0.6266422672672672,0.5633445945945946,0.9942102432250977,0.005789756774902344
child_spatial_meanfilter,33,odd_even_blocks,0,6,2,525,78,0.4636178512017439,0.4896747547754259,1.002070665359497,-0.0020706653594970703
child_spatial_meanfilter,33,odd_even_blocks,0,7,1,275,43,0.5348837209302326,0.5013532477947072,0.999644935131073,0.00035506486892700195
child_spatial_meanfilter,33,odd_even_blocks,0,8,1,299,43,0.5499182412790697,0.5221202761627908,0.9991881251335144,0.0008118748664855957
child_spatial_meanfilter,33,odd_even_blocks,0,13,1,295,47,0.46709849004804394,0.467656142759094,1.0013552904129028,-0.001355290412902832
child_spatial_meanfilter,33,odd_even_blocks,0,15,1,305,46,0.47389625650495215,0.49311734094342785,1.0013768672943115,-0.0013768672943115234
child_spatial_meanfilter,33,odd_even_blocks,0,16,1,281,48,0.4999105865522175,0.5172120886981402,1.0003610849380493,-0.0003610849380493164
child_spatial_meanfilter,33,odd_even_blocks,0,18,2,460,60,0.6163541666666668,0.5841666666666666,0.994143009185791,0.005856990814208984
child_spatial_meanfilter,33,odd_even_blocks,0,20,2,360,49,0.42004068508432313,0.44884834962924075,1.0045747756958008,-0.004574775695800781
child_spatial_meanfilter,33,odd_even_blocks,0,21,1,297,43,0.543535982420802,0.5057681743270463,0.9979519844055176,0.002048015594482422
child_spatial_meanfilter,33,odd_even_blocks,0,23,1,290,46,0.5103795438346401,0.49705987170349253,0.9999172687530518,8.273124694824219e-05
child_spatial_meanfilter,33,odd_even_blocks,0,29,1,291,43,0.5132220555138785,0.5360090022505626,1.0014963150024414,-0.0014963150024414062
child_spatial,33,odd_even_blocks,1,3,1,300,42,0.49114064230343296,0.5008305647840532,1.0145158767700195,-0.014515876770019531
child_spatial,33,odd_even_blocks,1,6,2,604,98,0.3908808582721627,0.42195692506251514,1.0233933925628662,-0.02339339256286621
child_spatial,33,odd_even_blocks,1,7,1,323,47,0.45320690718470547,0.5005781683626271,1.0133193731307983,-0.01331937313079834
child_spatial,33,odd_even_blocks,1,8,1,340,50,0.4596896551724138,0.48275862068965514,1.0108929872512817,-0.010892987251281738
child_spatial,33,odd_even_blocks,1,13,1,332,45,0.4911343399148277,0.502710027100271,1.0250575542449951,-0.025057554244995117
child_spatial,33,odd_even_blocks,1,15,1,314,48,0.5045426065162907,0.4856672932330827,1.0422323942184448,-0.042232394218444824
child_spatial,33,odd_even_blocks,1,16,1,305,46,0.46525096525096526,0.4920261876783616,1.0223482847213745,-0.02234828472137451
child_spatial,33,odd_even_blocks,1,18,2,474,67,0.4670321610620118,0.483369393817155,1.011293649673462,-0.011293649673461914
child_spatial,33,odd_even_blocks,1,20,2,422,69,0.4369380465574578,0.4426037689370612,1.0300416946411133,-0.03004169464111328
child_spatial,33,odd_even_blocks,1,21,1,322,53,0.5083117065301255,0.48134249842182786,1.0008295774459839,-0.0008295774459838867
child_spatial,33,odd_even_blocks,1,23,1,335,49,0.512594548308834,0.5112387612387612,0.9998944401741028,0.0001055598258972168
child_spatial,33,odd_even_blocks,1,29,1,277,47,0.5161887141535615,0.5193802035152637,1.0069626569747925,-0.0069626569747924805
child_spatial_meanfilter,33,odd_even_blocks,1,3,1,300,42,0.4432908822443705,0.4050387596899225,1.002319574356079,-0.0023195743560791016
child_spatial_meanfilter,33,odd_even_blocks,1,6,2,604,98,0.4781802048882794,0.48368556908929583,1.0015815496444702,-0.0015815496444702148
child_spatial_meanfilter,33,odd_even_blocks,1,7,1,323,47,0.5171908726487819,0.5073234659266112,0.9995574951171875,0.0004425048828125
child_spatial_meanfilter,33,odd_even_blocks,1,8,1,340,50,0.504551724137931,0.5220689655172414,0.9998148679733276,0.00018513202667236328
child_spatial_meanfilter,33,odd_even_blocks,1,13,1,332,45,0.4636469221835075,0.4232288037166086,1.0039122104644775,-0.003912210464477539
child_spatial_meanfilter,33,odd_even_blocks,1,15,1,314,48,0.4663220551378446,0.44329573934837097,1.0023208856582642,-0.00232088565826416
child_spatial_meanfilter,33,odd_even_blocks,1,16,1,305,46,0.4901376531811314,0.47251133120698335,1.000800609588623,-0.0008006095886230469
child_spatial_meanfilter,33,odd_even_blocks,1,18,2,474,67,0.4925556492720672,0.47731856687080565,0.9998900890350342,0.00010991096496582031
child_spatial_meanfilter,33,odd_even_blocks,1,20,2,422,69,0.49357474237385557,0.4963254916451123,1.0015497207641602,-0.0015497207641601562
child_spatial_meanfilter,33,odd_even_blocks,1,21,1,322,53,0.4259661920460125,0.43515466086834537,1.0018346309661865,-0.0018346309661865234
child_spatial_meanfilter,33,odd_even_blocks,1,23,1,335,49,0.5546239474810903,0.5640074211502782,0.9986395835876465,0.0013604164123535156
child_spatial_meanfilter,33,odd_even_blocks,1,29,1,277,47,0.5638760407030527,0.5710915818686402,0.9950757026672363,0.004924297332763672
child_spatial,33,early_late_halves,0,0,1,394,55,0.47050147492625366,0.48884419415392866,1.0218021869659424,-0.021802186965942383
child_spatial,33,early_late_halves,0,2,1,493,77,0.5076017732267731,0.48951048951048953,1.006935477256775,-0.006935477256774902
child_spatial,33,early_late_halves,0,3,1,415,58,0.5075340481019994,0.5003622138510576,1.005072832107544,-0.005072832107543945
child_spatial,33,early_late_halves,0,4,1,363,48,0.5171626984126985,0.5350198412698413,1.0057098865509033,-0.00570988655090332
child_spatial,33,early_late_halves,0,5,1,478,72,0.5795703338806787,0.5583264915161467,0.991054892539978,0.008945107460021973
child_spatial,33,early_late_halves,0,6,2,831,132,0.5174708457970261,0.5064540252308493,1.0088398456573486,-0.008839845657348633
child_spatial,33,early_late_halves,0,7,1,448,63,0.47171717171717176,0.48398268398268396,1.0086809396743774,-0.008680939674377441
child_spatial,33,early_late_halves,0,8,1,465,65,0.4918653846153846,0.49336538461538465,1.0160740613937378,-0.016074061393737793
child_spatial,33,early_late_halves,0,10,1,435,58,0.5420515869386262,0.53315649867374,0.9993060827255249,0.0006939172744750977
child_spatial,33,early_late_halves,0,12,1,404,61,0.541365960904268,0.531233570711657,0.9951469302177429,0.00485306978225708
child_spatial,33,early_late_halves,0,13,1,465,65,0.5539230769230769,0.5211538461538462,0.9984287023544312,0.0015712976455688477
child_spatial,33,early_late_halves,0,14,1,313,49,0.5610698824984538,0.5316171923314781,0.9907366037368774,0.009263396263122559
child_spatial,33,early_late_halves,0,15,1,459,77,0.5597164615489223,0.5635071734548174,0.9898797869682312,0.010120213031768799
child_spatial,33,early_late_halves,0,16,1,412,60,0.5068655303030303,0.4891098484848485,1.008790373802185,-0.008790373802185059
child_spatial,33,early_late_halves,0,17,1,403,52,0.5623219373219372,0.5566239316239316,0.9975746870040894,0.0024253129959106445
child_spatial,33,early_late_halves,0,18,2,689,93,0.55975319333189,0.5758281013206321,0.9921382665634155,0.007861733436584473
child_spatial,33,early_late_halves,0,19,1,438,62,0.637332704186685,0.5650308853809197,0.9805694818496704,0.01943051815032959
child_spatial,33,early_late_halves,0,20,2,565,94,0.5659868094141031,0.5546370330216379,0.99613356590271,0.003866434097290039
child_spatial,33,early_late_halves,0,21,1,474,70,0.45450848656294207,0.4794200848656295,1.018057107925415,-0.01805710792541504
child_spatial,33,early_late_halves,0,22,1,409,67,0.5086628262197783,0.5247446975648076,1.0108367204666138,-0.01083672046661377
child_spatial,33,early_late_halves,0,23,1,469,69,0.4985688405797102,0.4953985507246377,1.0088419914245605,-0.008841991424560547
child_spatial,33,early_late_halves,0,26,1,311,45,0.4467418546365915,0.44553049289891394,1.0368050336837769,-0.036805033683776855
child_spatial,33,early_late_halves,0,27,1,389,52,0.5334398539146313,0.5185745263638438,1.0171197652816772,-0.017119765281677246
child_spatial,33,early_late_halves,0,29,1,449,63,0.4117114894316967,0.3960852043753598,1.04105544090271,-0.04105544090270996
child_spatial,33,early_late_halves,0,31,1,418,66,0.5836992079889807,0.5667613636363636,0.9925405383110046,0.007459461688995361
child_spatial,33,early_late_halves,0,32,1,319,42,0.44378545642083544,0.4726663228468283,1.0652287006378174,-0.06522870063781738
child_spatial,33,early_late_halves,0,35,1,367,53,0.4898149260906141,0.4960040860473501,1.0230669975280762,-0.023066997528076172
child_spatial_meanfilter,33,early_late_halves,0,0,1,394,55,0.4340842048806651,0.4823008849557522,1.0067155361175537,-0.006715536117553711
child_spatial_meanfilter,33,early_late_halves,0,2,1,493,77,0.5370879120879121,0.48485889110889113,1.001918911933899,-0.0019189119338989258
child_spatial_meanfilter,33,early_late_halves,0,3,1,415,58,0.5223606684052932,0.5251134936733314,1.0010617971420288,-0.0010617971420288086
child_spatial_meanfilter,33,early_late_halves,0,4,1,363,48,0.48217592592592595,0.49722222222222223,1.0043256282806396,-0.0043256282806396484
child_spatial_meanfilter,33,early_late_halves,0,5,1,478,72,0.5252976190476191,0.49216611932129173,0.9998408555984497,0.00015914440155029297
child_spatial_meanfilter,33,early_late_halves,0,6,2,831,132,0.55678566783717,0.5074131876706984,0.9989300966262817,0.0010699033737182617
child_spatial_meanfilter,33,early_late_halves,0,7,1,448,63,0.4449804164089879,0.5001443001443001,1.0060709714889526,-0.006070971488952637
child_spatial_meanfilter,33,early_late_halves,0,8,1,465,65,0.5041153846153846,0.48144230769230767,1.0003738403320312,-0.00037384033203125
child_spatial_meanfilter,33,early_late_halves,0,10,1,435,58,0.4568508186225191,0.49734748010610075,1.0066215991973877,-0.006621599197387695
child_spatial_meanfilter,33,early_late_halves,0,12,1,404,61,0.47789513932036515,0.49997610285331934,1.004356026649475,-0.004356026649475098
child_spatial_meanfilter,33,early_late_halves,0,13,1,465,65,0.553,0.5030769230769231,0.9983534812927246,0.0016465187072753906
child_spatial_meanfilter,33,early_late_halves,0,14,1,313,49,0.492965367965368,0.48283858998144713,1.0055428743362427,-0.005542874336242676
child_spatial_meanfilter,33,early_late_halves,0,15,1,459,77,0.5009519276534983,0.5217923437818726,1.0027562379837036,-0.0027562379837036133
child_spatial_meanfilter,33,early_late_halves,0,16,1,412,60,0.4871448863636364,0.48986742424242424,1.0033462047576904,-0.0033462047576904297
child_spatial_meanfilter,33,early_late_halves,0,17,1,403,52,0.4853988603988604,0.5046296296296297,1.002951741218567,-0.0029517412185668945
child_spatial_meanfilter,33,early_late_halves,0,18,2,689,93,0.5768745038608645,0.5072436313776431,0.9972083568572998,0.0027916431427001953
child_spatial_meanfilter,33,early_late_halves,0,19,1,438,62,0.5506606039807824,0.5313572409059711,0.998602032661438,0.0013979673385620117
child_spatial_meanfilter,33,early_late_halves,0,20,2,565,94,0.5332813841080545,0.4915300176175634,0.9990292191505432,0.0009707808494567871
child_spatial_meanfilter,33,early_late_halves,0,21,1,474,70,0.53995756718529,0.49847949080622345,1.000166893005371,-0.00016689300537109375
child_spatial_meanfilter,33,early_late_halves,0,22,1,409,67,0.506895347822292,0.5049969450990661,1.0037328004837036,-0.0037328004837036133
child_spatial_meanfilter,33,early_late_halves,0,23,1,469,69,0.5226630434782609,0.5104891304347826,1.0007474422454834,-0.0007474422454833984
child_spatial_meanfilter,33,early_late_halves,0,26,1,311,45,0.5447786131996658,0.49181286549707603,0.998293399810791,0.0017066001892089844
child_spatial_meanfilter,33,early_late_halves,0,27,1,389,52,0.49905843414745493,0.5253081488244693,1.0012575387954712,-0.0012575387954711914
child_spatial_meanfilter,33,early_late_halves,0,29,1,449,63,0.49925980754996296,0.49175507854264333,1.0032610893249512,-0.003261089324951172
child_spatial_meanfilter,33,early_late_halves,0,31,1,418,66,0.5418818870523415,0.48011363636363635,1.0033880472183228,-0.003388047218322754
child_spatial_meanfilter,33,early_late_halves,0,32,1,319,42,0.5645091971806774,0.4963469142169503,0.9960571527481079,0.00394284725189209
child_spatial_meanfilter,33,early_late_halves,0,35,1,367,53,0.5046268477346473,0.5070003605335898,1.0011651515960693,-0.001165151596069336
child_spatial,33,early_late_halves,1,0,1,412,61,0.46891784596702635,0.4748493764887207,1.0172747373580933,-0.01727473735809326
child_spatial,33,early_late_halves,1,2,1,464,66,0.47118166590528404,0.49980965433226743,1.0165473222732544,-0.016547322273254395
child_spatial,33,early_late_halves,1,3,1,432,65,0.5263466778453155,0.5348354642632572,1.0116617679595947,-0.011661767959594727
child_spatial,33,early_late_halves,1,4,1,400,75,0.4735589743589744,0.48769230769230765,1.0080671310424805,-0.008067131042480469
child_spatial,33,early_late_halves,1,5,1,473,73,0.45671232876712325,0.47493150684931507,1.0100421905517578,-0.010042190551757812
child_spatial,33,early_late_halves,1,6,2,867,124,0.4804465332349238,0.49292319715191246,1.0090522766113281,-0.009052276611328125
child_spatial,33,early_late_halves,1,7,1,433,67,0.524427045102357,0.5268330478753772,1.0052911043167114,-0.005291104316711426
child_spatial,33,early_late_halves,1,8,1,482,74,0.4673920243773185,0.4747946475887653,1.0166504383087158,-0.01665043830871582
child_spatial,33,early_late_halves,1,10,1,338,57,0.45648373603046766,0.47031279265780107,1.0357179641723633,-0.03571796417236328
child_spatial,33,early_late_halves,1,12,1,326,47,0.5092656142759094,0.5239075726378404,1.013545036315918,-0.013545036315917969
child_spatial,33,early_late_halves,1,13,1,475,76,0.4585641735918745,0.48527568922305764,1.0225368738174438,-0.022536873817443848
child_spatial,33,early_late_halves,1,14,1,416,60,0.45056179775280897,0.46975655430711616,1.0288465023040771,-0.02884650230407715
child_spatial,33,early_late_halves,1,15,1,461,63,0.5200606205631331,0.5181861689399379,1.0214834213256836,-0.021483421325683594
child_spatial,33,early_late_halves,1,16,1,456,75,0.5021347331583552,0.5046719160104987,1.0096315145492554,-0.009631514549255371
child_spatial,33,early_late_halves,1,17,1,406,64,0.5317525584795322,0.5291940789473684,1.0004197359085083,-0.0004197359085083008
child_spatial,33,early_late_halves,1,18,2,681,101,0.5500426766814612,0.5537043359508365,0.9956555366516113,0.004344463348388672
child_spatial,33,early_late_halves,1,19,1,398,67,0.49952653650178114,0.5155115660368851,1.009661078453064,-0.009661078453063965
child_spatial,33,early_late_halves,1,20,2,560,82,0.46128431472599246,0.46918052862536996,1.015831470489502,-0.015831470489501953
child_spatial,33,early_late_halves,1,21,1,445,69,0.5039700894233734,0.544904409497379,1.0055288076400757,-0.005528807640075684
child_spatial,33,early_late_halves,1,22,1,470,71,0.49648769811853577,0.49662889618412226,1.0112860202789307,-0.011286020278930664
child_spatial,33,early_late_halves,1,23,1,470,72,0.4858842825237298,0.4860413176996091,1.0097088813781738,-0.009708881378173828
child_spatial,33,early_late_halves,1,26,1,352,58,0.578436547032606,0.5527210884353742,0.984666645526886,0.015333354473114014
child_spatial,33,early_late_halves,1,27,1,373,70,0.5074728901461575,0.4794908062234795,1.000886082649231,-0.000886082649230957
child_spatial,33,early_late_halves,1,29,1,392,65,0.4608092213596801,0.4616090331686662,1.0195012092590332,-0.019501209259033203
child_spatial,33,early_late_halves,1,31,1,379,49,0.49174397031539885,0.49257884972170685,1.0184019804000854,-0.01840198040008545
child_spatial,33,early_late_halves,1,32,1,462,78,0.498714610042735,0.5067107371794872,1.010352611541748,-0.010352611541748047
child_spatial,33,early_late_halves,1,35,1,412,64,0.5095860272988506,0.5123922413793103,1.0069855451583862,-0.0069855451583862305
child_spatial_meanfilter,33,early_late_halves,1,0,1,412,61,0.4938115921722479,0.4957732006912335,1.001321792602539,-0.0013217926025390625
child_spatial_meanfilter,33,early_late_halves,1,2,1,464,66,0.5091936957514847,0.49520328917313844,1.000044822692871,-4.482269287109375e-05
child_spatial_meanfilter,33,early_late_halves,1,3,1,432,65,0.47962691259693985,0.5102494236009223,1.0019382238388062,-0.0019382238388061523
child_spatial_meanfilter,33,early_late_halves,1,4,1,400,75,0.46789743589743593,0.5230769230769231,1.0011088848114014,-0.0011088848114013672
child_spatial_meanfilter,33,early_late_halves,1,5,1,473,73,0.4801369863013698,0.5041438356164384,1.0010210275650024,-0.0010210275650024414
child_spatial_meanfilter,33,early_late_halves,1,6,2,867,124,0.48875526418616766,0.486475925845526,1.002071499824524,-0.0020714998245239258
child_spatial_meanfilter,33,early_late_halves,1,7,1,433,67,0.47173966234401765,0.5011622216784928,1.0011913776397705,-0.0011913776397705078
child_spatial_meanfilter,33,early_late_halves,1,8,1,482,74,0.5075351086380498,0.4946343402225755,1.0008913278579712,-0.0008913278579711914
child_spatial_meanfilter,33,early_late_halves,1,10,1,338,57,0.5387088718236873,0.5485733907723045,0.9974340796470642,0.002565920352935791
child_spatial_meanfilter,33,early_late_halves,1,12,1,326,47,0.46774193548387094,0.53805383970106,1.0038678646087646,-0.0038678646087646484
child_spatial_meanfilter,33,early_late_halves,1,13,1,475,76,0.5070736050652949,0.5338345864661654,1.001216173171997,-0.0012161731719970703
child_spatial_meanfilter,33,early_late_halves,1,14,1,416,60,0.492813670411985,0.500561797752809,1.0004277229309082,-0.0004277229309082031
child_spatial_meanfilter,33,early_late_halves,1,15,1,461,63,0.5146366754406956,0.47457525723857386,0.999556303024292,0.0004436969757080078
child_spatial_meanfilter,33,early_late_halves,1,16,1,456,75,0.5179877515310587,0.5288188976377952,0.9995042681694031,0.0004957318305969238
child_spatial_meanfilter,33,early_late_halves,1,17,1,406,64,0.4970531798245614,0.4674250730994152,1.0013914108276367,-0.0013914108276367188
child_spatial_meanfilter,33,early_late_halves,1,18,2,681,101,0.5033202458176852,0.5070160464322294,0.9992661476135254,0.0007338523864746094
child_spatial_meanfilter,33,early_late_halves,1,19,1,398,67,0.5342246471569644,0.5250484736438653,0.9982313513755798,0.001768648624420166
child_spatial_meanfilter,33,early_late_halves,1,20,2,560,82,0.47694917848760077,0.5097203796305745,1.0017223358154297,-0.0017223358154296875
child_spatial_meanfilter,33,early_late_halves,1,21,1,445,69,0.5742946345975948,0.5139531298180697,0.9958798885345459,0.0041201114654541016
child_spatial_meanfilter,33,early_late_halves,1,22,1,470,71,0.442144092625931,0.49809382611458225,1.0026588439941406,-0.002658843994140625
child_spatial_meanfilter,33,early_late_halves,1,23,1,470,72,0.5107830820770519,0.49392797319933,0.9994360208511353,0.0005639791488647461
child_spatial_meanfilter,33,early_late_halves,1,26,1,352,58,0.5100281491907108,0.5043396669012432,0.9997916221618652,0.00020837783813476562
child_spatial_meanfilter,33,early_late_halves,1,27,1,373,70,0.4854078264969354,0.5213578500707213,1.0017499923706055,-0.0017499923706054688
child_spatial_meanfilter,33,early_late_halves,1,29,1,392,65,0.5417548812044225,0.48045165843330984,0.9983751773834229,0.0016248226165771484
child_spatial_meanfilter,33,early_late_halves,1,31,1,379,49,0.4482065553494125,0.4839517625231911,1.0054123401641846,-0.00541234016418457
child_spatial_meanfilter,33,early_late_halves,1,32,1,462,78,0.5392628205128205,0.4996995192307693,0.996380627155304,0.003619372844696045
child_spatial_meanfilter,33,early_late_halves,1,35,1,412,64,0.497912176724138,0.5020653735632183,1.0011602640151978,-0.001160264015197754
