child,seed,train_record,test_record,same_day,within_record_auc,across_record_auc,across_j_bits,n_test
1,11,B018a1ddd7825,B3d0ede4734d3,False,0.5015609479211012,0.5473122478198621,0.0034388303756713867,983
1,11,B3d0ede4734d3,B018a1ddd7825,False,0.5131116085705149,0.5404172762546913,-0.0008448362350463867,989
1,22,B018a1ddd7825,B3d0ede4734d3,False,0.5719455087271179,0.4735780294155929,-0.005915164947509766,983
1,22,B3d0ede4734d3,B018a1ddd7825,False,0.6105292612727854,0.5604414477450544,-0.014816522598266602,989
1,33,B018a1ddd7825,B3d0ede4734d3,False,0.5269263516389954,0.5032929845112586,-0.06576287746429443,983
1,33,B3d0ede4734d3,B018a1ddd7825,False,0.5246242404860889,0.49732841422301377,-0.0026166439056396484,989
4,11,B1329b9cb691b,Bd007dc424ddc,False,0.4911111111111111,0.4569200892170435,-0.008480072021484375,986
4,11,Bd007dc424ddc,B1329b9cb691b,False,0.6044488859278999,0.5301821538800706,-0.0112992525100708,948
4,22,B1329b9cb691b,Bd007dc424ddc,False,0.5887654320987654,0.5572123519458545,-0.030222773551940918,986
4,22,Bd007dc424ddc,B1329b9cb691b,False,0.6193648678658672,0.5581356095679012,0.0050536394119262695,948
4,33,B1329b9cb691b,Bd007dc424ddc,False,0.5745679012345679,0.5301908680715788,-0.00826418399810791,986
4,33,Bd007dc424ddc,B1329b9cb691b,False,0.4658005773928492,0.570371059303351,0.006348788738250732,948
20,11,B3f16ac6256e6,Bd25987f72256,False,0.49841448445171854,0.5295347146492184,0.0019478201866149902,982
20,11,Bd25987f72256,B3f16ac6256e6,False,0.5456931262582687,0.5191635287789134,-0.01634812355041504,829
20,22,B3f16ac6256e6,Bd25987f72256,False,0.5457242225859248,0.5385281975385574,-0.0006316900253295898,982
20,22,Bd25987f72256,B3f16ac6256e6,False,0.5411993097497844,0.4976645149722073,-0.01201009750366211,829
20,33,B3f16ac6256e6,Bd25987f72256,False,0.403078968903437,0.5061633431998753,-0.00036525726318359375,982
20,33,Bd25987f72256,B3f16ac6256e6,False,0.5347641645096348,0.4901784113322575,-0.002368927001953125,829
22,11,Bf9d7dd3adf2b,B4a77825e7c06,False,0.5206043956043955,0.5191441441441442,-0.026464343070983887,135
22,22,Bf9d7dd3adf2b,B4a77825e7c06,False,0.49847919937205654,0.4996246246246246,-0.0024029016494750977,135
22,33,Bf9d7dd3adf2b,B4a77825e7c06,False,0.5528846153846154,0.4692192192192193,-0.008989691734313965,135
24,11,B4c144b0e31ac,Bf454d333d715,False,0.577397858859515,0.565513334936648,0.007201433181762695,993
24,11,Bf454d333d715,B4c144b0e31ac,False,0.4734020185029436,0.5041095156929063,-0.0014224052429199219,838
24,22,B4c144b0e31ac,Bf454d333d715,False,0.5170417303910859,0.5051517030998823,-0.005364179611206055,993
24,22,Bf454d333d715,B4c144b0e31ac,False,0.5953532380151387,0.5669926912196472,-0.015319108963012695,838
24,33,B4c144b0e31ac,Bf454d333d715,False,0.5407472143325323,0.487535283470248,-0.00035512447357177734,993
24,33,Bf454d333d715,B4c144b0e31ac,False,0.580564900476591,0.5037793265927162,-0.011324405670166016,838
25,11,B4cb60380085a,B7116e2ba0693,False,0.5116460905349794,0.5110165118679051,-0.03770947456359863,854
25,11,B7116e2ba0693,B4cb60380085a,False,0.6089144500359454,0.45313595722300143,-0.010501503944396973,922
25,22,B4cb60380085a,B7116e2ba0693,False,0.531522633744856,0.5284313725490196,-0.03448176383972168,854
25,22,B7116e2ba0693,B4cb60380085a,False,0.49465312724658517,0.46524368863955123,-0.005024433135986328,922
25,33,B4cb60380085a,B7116e2ba0693,False,0.6002057613168725,0.4950163398692811,-0.003931760787963867,854
25,33,B7116e2ba0693,B4cb60380085a,False,0.5407979870596693,0.4969319775596074,-0.0005536079406738281,922
31,11,B6274c7e6938f,Bd2980aa79f71,False,0.5538646375650781,0.529902015992792,-0.03012549877166748,852
31,11,Bd2980aa79f71,B6274c7e6938f,False,0.4876098220319892,0.5534465425299414,0.0043402910232543945,924
31,22,B6274c7e6938f,Bd2980aa79f71,False,0.5603524229074889,0.5180547012397446,-0.11545729637145996,852
31,22,Bd2980aa79f71,B6274c7e6938f,False,0.48090786213111064,0.4839838855377801,-0.0020900964736938477,924
31,33,B6274c7e6938f,Bd2980aa79f71,False,0.49126952342811375,0.5340604884472436,-0.024821996688842773,852
31,33,Bd2980aa79f71,B6274c7e6938f,False,0.5469700382969137,0.5194655709997961,0.0015791654586791992,924
38,11,B7e5c5fda0c76,Bf01015be23f4,False,0.5513991590546614,0.4535840707964602,-0.006367921829223633,991
38,11,Bf01015be23f4,B7e5c5fda0c76,False,0.5245998814463545,0.48535928181945887,-0.0015096664428710938,989
38,22,B7e5c5fda0c76,Bf01015be23f4,False,0.4644410613310134,0.4209544879898862,-0.013130784034729004,991
38,22,Bf01015be23f4,B7e5c5fda0c76,False,0.6535640189685833,0.5592173313412252,-0.012307882308959961,989
38,33,B7e5c5fda0c76,Bf01015be23f4,False,0.4439973901696389,0.554453223767383,0.0064934492111206055,991
38,33,Bf01015be23f4,B7e5c5fda0c76,False,0.6913900414937759,0.5754734449424715,-0.012191295623779297,989
45,11,B95c11b9630b5,Bd3b249797b57,False,0.5516569200779726,0.5198222179968626,0.0002627372741699219,956
45,11,Bd3b249797b57,B95c11b9630b5,False,0.49566874566874564,0.513285693359064,-0.0009095668792724609,988
45,22,B95c11b9630b5,Bd3b249797b57,False,0.46177171323370153,0.4790233534113365,-0.0022771358489990234,956
45,22,Bd3b249797b57,B95c11b9630b5,False,0.4733627858627859,0.48091853437020343,-0.002789139747619629,988
45,33,B95c11b9630b5,Bd3b249797b57,False,0.5250162443144899,0.5481532537909398,0.003826916217803955,956
45,33,Bd3b249797b57,B95c11b9630b5,False,0.5241250866250866,0.5317812127812701,0.0005127191543579102,988
51,11,Babd62bd011f9,Bc8698b5fd4ea,False,0.51657824933687,0.5593197304711698,-0.0005190372467041016,997
51,11,Bc8698b5fd4ea,Babd62bd011f9,False,0.42898658718330845,0.500320011152864,-0.0018680095672607422,992
51,22,Babd62bd011f9,Bc8698b5fd4ea,False,0.46366745776909113,0.5461340564594632,-0.0052225589752197266,997
51,22,Bc8698b5fd4ea,Babd62bd011f9,False,0.5058122205663189,0.5222170119196233,-0.00969851016998291,992
51,33,Babd62bd011f9,Bc8698b5fd4ea,False,0.46077062683233283,0.4576269579398491,-0.00883340835571289,997
51,33,Bc8698b5fd4ea,Babd62bd011f9,False,0.5502980625931445,0.5374539785941055,0.002942800521850586,992
59,11,Bcf04c678c557,Bdc61b92b5207,False,0.5154662554426706,0.572327718996995,0.00512242317199707,995
59,11,Bdc61b92b5207,Bcf04c678c557,False,0.5991982507288629,0.5329583452137173,-0.03518557548522949,842
59,22,Bcf04c678c557,Bdc61b92b5207,False,0.506848693759071,0.42985972576450093,-0.007869720458984375,995
59,22,Bdc61b92b5207,Bcf04c678c557,False,0.5684402332361516,0.541685027260081,0.002103090286254883,842
59,33,Bcf04c678c557,Bdc61b92b5207,False,0.4907928156748911,0.5903480972702709,0.008624076843261719,995
59,33,Bdc61b92b5207,Bcf04c678c557,False,0.5754737609329447,0.5543387162273085,-0.009227991104125977,842
