model,seed,fold,partition,train_block,child,n_records,n,n_class1,auc,bacc,ce_bal_bits,j_bits
adapt_zero_shot,11,0,odd_even_blocks,0,12,1,295,57,0.5867241633495504,0.5745614035087719,0.9835318922996521,0.0164681077003479
adapt_finetuned,11,0,odd_even_blocks,0,12,1,295,57,0.5879035824856258,0.5724605631726375,0.9829565286636353,0.017043471336364746
adapt_zero_shot,11,0,odd_even_blocks,0,14,1,295,55,0.4991287878787878,0.5246212121212122,1.009854793548584,-0.009854793548583984
adapt_finetuned,11,0,odd_even_blocks,0,14,1,295,55,0.5014015151515151,0.515530303030303,1.0094592571258545,-0.009459257125854492
adapt_zero_shot,11,0,odd_even_blocks,0,21,1,279,55,0.6099431818181819,0.5735795454545455,0.9802706241607666,0.0197293758392334
adapt_finetuned,11,0,odd_even_blocks,0,21,1,279,55,0.6102678571428571,0.5804383116883116,0.9807314872741699,0.019268512725830078
adapt_zero_shot,11,0,odd_even_blocks,0,23,1,300,57,0.5252689336509999,0.524907948884557,1.0116461515426636,-0.011646151542663574
adapt_finetuned,11,0,odd_even_blocks,0,23,1,300,57,0.546278247057974,0.5573965778644141,1.0040067434310913,-0.004006743431091309
adapt_zero_shot,11,0,odd_even_blocks,0,24,2,549,104,0.4991897147796024,0.514304235090752,1.0077356100082397,-0.007735610008239746
adapt_finetuned,11,0,odd_even_blocks,0,24,2,549,104,0.5036408815903197,0.530347882454624,1.008294701576233,-0.00829470157623291
adapt_zero_shot,11,0,odd_even_blocks,0,30,1,300,56,0.6274151053864168,0.5929449648711944,0.9762235879898071,0.02377641201019287
adapt_finetuned,11,0,odd_even_blocks,0,30,1,300,56,0.6261709601873536,0.5929449648711944,0.9766296148300171,0.02337038516998291
adapt_zero_shot,11,0,odd_even_blocks,0,33,1,295,56,0.48991332934847576,0.490847280334728,1.022031545639038,-0.022031545639038086
adapt_finetuned,11,0,odd_even_blocks,0,33,1,295,56,0.49051105797967726,0.4881948595337716,1.0209078788757324,-0.020907878875732422
adapt_zero_shot,11,0,odd_even_blocks,0,37,1,230,46,0.42361767485822305,0.4538043478260869,1.0245153903961182,-0.024515390396118164
adapt_finetuned,11,0,odd_even_blocks,0,37,1,230,46,0.42674858223062373,0.4565217391304348,1.0278652906417847,-0.027865290641784668
adapt_zero_shot,11,0,odd_even_blocks,0,42,1,286,54,0.4893438697318007,0.45992975734355046,1.0139095783233643,-0.013909578323364258
adapt_finetuned,11,0,odd_even_blocks,0,42,1,286,54,0.4985233077905491,0.4814814814814815,1.0114874839782715,-0.011487483978271484
adapt_zero_shot,11,0,odd_even_blocks,0,48,1,229,43,0.6445361340335084,0.6579769942485622,0.9688720703125,0.0311279296875
adapt_finetuned,11,0,odd_even_blocks,0,48,1,229,43,0.6439109777444362,0.6552888222055514,0.9687169790267944,0.031283020973205566
adapt_zero_shot,11,0,odd_even_blocks,0,49,1,301,56,0.5877915451895044,0.5487244897959184,0.9872079491615295,0.012792050838470459
adapt_finetuned,11,0,odd_even_blocks,0,49,1,301,56,0.5880830903790086,0.5548469387755102,0.9872938394546509,0.012706160545349121
adapt_zero_shot,11,0,odd_even_blocks,0,57,1,299,56,0.5702527924750148,0.5476925338036449,0.9927490949630737,0.0072509050369262695
adapt_finetuned,11,0,odd_even_blocks,0,57,1,299,56,0.5724206349206349,0.5545634920634921,0.9927023649215698,0.007297635078430176
adapt_zero_shot,11,0,odd_even_blocks,0,66,1,254,52,0.6548457730388424,0.5984386900228484,0.9601907730102539,0.039809226989746094
adapt_finetuned,11,0,odd_even_blocks,0,66,1,254,52,0.6498476770753998,0.5888233054074639,0.9648302793502808,0.03516972064971924
adapt_zero_shot,11,1,odd_even_blocks,0,5,1,299,56,0.5363389182833627,0.5224500293944738,0.9997373819351196,0.0002626180648803711
adapt_finetuned,11,1,odd_even_blocks,0,5,1,299,56,0.5593033509700177,0.5725308641975309,0.995792031288147,0.004207968711853027
adapt_zero_shot,11,1,odd_even_blocks,0,8,1,289,53,0.5409338023664855,0.5455308602494403,0.9998544454574585,0.0001455545425415039
adapt_finetuned,11,1,odd_even_blocks,0,8,1,289,53,0.5430124720179085,0.5318596098496962,0.9990955591201782,0.0009044408798217773
adapt_zero_shot,11,1,odd_even_blocks,0,10,1,299,57,0.6974046686965347,0.6043932144410613,0.958404541015625,0.041595458984375
adapt_finetuned,11,1,odd_even_blocks,0,10,1,299,57,0.7091851529650572,0.6188560243584167,0.9562169313430786,0.04378306865692139
adapt_zero_shot,11,1,odd_even_blocks,0,11,1,256,53,0.5089692350590204,0.5203085788642068,1.0138823986053467,-0.01388239860534668
adapt_finetuned,11,1,odd_even_blocks,0,11,1,256,53,0.5144994888000743,0.548192211172042,1.0135183334350586,-0.013518333435058594
adapt_zero_shot,11,1,odd_even_blocks,0,20,2,556,104,0.5540546289993193,0.5300374404356706,0.9963574409484863,0.003642559051513672
adapt_finetuned,11,1,odd_even_blocks,0,20,2,556,104,0.5543205411844793,0.5289312457454051,0.995904803276062,0.004095196723937988
adapt_zero_shot,11,1,odd_even_blocks,0,25,2,545,106,0.5898053036489448,0.5758692568874371,0.9896724224090576,0.010327577590942383
adapt_finetuned,11,1,odd_even_blocks,0,25,2,545,106,0.5915029870632227,0.57440795977135,0.9893965125083923,0.010603487491607666
adapt_zero_shot,11,1,odd_even_blocks,0,27,1,294,56,0.44459033613445376,0.4590336134453782,1.028615951538086,-0.028615951538085938
adapt_finetuned,11,1,odd_even_blocks,0,27,1,294,56,0.4491296518607443,0.4632352941176471,1.0235844850540161,-0.023584485054016113
adapt_zero_shot,11,1,odd_even_blocks,0,40,1,259,47,0.4461059815335206,0.43541750301083904,1.0282258987426758,-0.02822589874267578
adapt_finetuned,11,1,odd_even_blocks,0,40,1,259,47,0.4448012846246487,0.4283420313127258,1.0316245555877686,-0.031624555587768555
adapt_zero_shot,11,1,odd_even_blocks,0,43,1,297,53,0.5839777296628518,0.5941463037426539,0.9945425987243652,0.005457401275634766
adapt_finetuned,11,1,odd_even_blocks,0,43,1,297,53,0.6034256108877204,0.5687055366532632,0.9866821765899658,0.01331782341003418
adapt_zero_shot,11,1,odd_even_blocks,0,45,2,574,109,0.5587747854394792,0.5282726644963993,0.9948588609695435,0.005141139030456543
adapt_finetuned,11,1,odd_even_blocks,0,45,2,574,109,0.5604320804971885,0.521534970898688,0.9942967295646667,0.005703270435333252
adapt_zero_shot,11,1,odd_even_blocks,0,50,1,220,40,0.6095833333333334,0.5611111111111111,0.9736027717590332,0.026397228240966797
adapt_finetuned,11,1,odd_even_blocks,0,50,1,220,40,0.6129861111111111,0.5541666666666667,0.9730453491210938,0.02695465087890625
adapt_zero_shot,11,1,odd_even_blocks,0,56,1,298,57,0.5512484530829147,0.5346509427094708,0.9966852068901062,0.003314793109893799
adapt_finetuned,11,1,odd_even_blocks,0,56,1,298,57,0.5421853388658368,0.5341777680716313,0.9983763694763184,0.0016236305236816406
adapt_zero_shot,11,1,odd_even_blocks,0,58,1,292,54,0.54104419545596,0.5150171179582944,0.9959189891815186,0.004081010818481445
adapt_finetuned,11,1,odd_even_blocks,0,58,1,292,54,0.539760348583878,0.4943977591036415,0.9976286292076111,0.002371370792388916
adapt_zero_shot,11,1,odd_even_blocks,0,62,1,283,55,0.5840510366826156,0.572567783094099,0.9855432510375977,0.014456748962402344
adapt_finetuned,11,1,odd_even_blocks,0,62,1,283,55,0.5897129186602871,0.5810207336523125,0.983065128326416,0.016934871673583984
adapt_zero_shot,11,1,odd_even_blocks,0,69,1,294,56,0.5411914765906363,0.5283613445378151,1.0000590085983276,-5.900859832763672e-05
adapt_finetuned,11,1,odd_even_blocks,0,69,1,294,56,0.5407788115246098,0.5551470588235294,0.9993249773979187,0.0006750226020812988
adapt_zero_shot,11,2,odd_even_blocks,0,4,2,573,111,0.5356460356460356,0.5215865215865216,0.9955108165740967,0.00448918342590332
adapt_finetuned,11,2,odd_even_blocks,0,4,2,573,111,0.5370695370695371,0.525008775008775,0.9951742887496948,0.004825711250305176
adapt_zero_shot,11,2,odd_even_blocks,0,6,1,226,40,0.6044354838709678,0.5509408602150537,0.9783698916435242,0.02163010835647583
adapt_finetuned,11,2,odd_even_blocks,0,6,1,226,40,0.6084677419354838,0.5455645161290322,0.9810879230499268,0.018912076950073242
adapt_zero_shot,11,2,odd_even_blocks,0,16,1,290,54,0.5968691148775895,0.5991839296924042,0.9833177328109741,0.01668226718902588
adapt_finetuned,11,2,odd_even_blocks,0,16,1,290,54,0.6017341494036409,0.5907093534212178,0.983620285987854,0.016379714012145996
adapt_zero_shot,11,2,odd_even_blocks,0,31,2,521,101,0.6111032531824612,0.575035360678925,0.9806753396987915,0.019324660301208496
adapt_finetuned,11,2,odd_even_blocks,0,31,2,521,101,0.6106671381423856,0.5754125412541253,0.9788027405738831,0.021197259426116943
adapt_zero_shot,11,2,odd_even_blocks,0,32,1,301,58,0.688058748403576,0.627217255569746,0.9607398509979248,0.039260149002075195
adapt_finetuned,11,2,odd_even_blocks,0,32,1,301,58,0.6933801617709665,0.6342769973038173,0.9530012607574463,0.04699873924255371
adapt_zero_shot,11,2,odd_even_blocks,0,46,1,270,53,0.5587774976089036,0.5473437092426745,0.9927974939346313,0.007202506065368652
adapt_finetuned,11,2,odd_even_blocks,0,46,1,270,53,0.5607773237109817,0.5289105295191723,0.9920390844345093,0.007960915565490723
adapt_zero_shot,11,2,odd_even_blocks,0,47,1,301,58,0.5013480913864056,0.5227756492124308,1.0100736618041992,-0.010073661804199219
adapt_finetuned,11,2,odd_even_blocks,0,47,1,301,58,0.5051085568326947,0.5252234993614304,1.0074803829193115,-0.0074803829193115234
adapt_zero_shot,11,2,odd_even_blocks,0,59,2,565,108,0.5423150174244267,0.537077558959397,0.9963698387145996,0.0036301612854003906
adapt_finetuned,11,2,odd_even_blocks,0,59,2,565,108,0.5447463327660264,0.525204635707918,0.996111273765564,0.003888726234436035
adapt_zero_shot,11,2,odd_even_blocks,0,63,1,281,54,0.4946973405123185,0.4869880894109969,1.0136375427246094,-0.013637542724609375
adapt_finetuned,11,2,odd_even_blocks,0,63,1,281,54,0.48556045031815953,0.49318812204274765,1.0114853382110596,-0.01148533821105957
adapt_zero_shot,11,2,odd_even_blocks,0,65,1,294,55,0.6364397109166985,0.5620007607455306,0.9706780314445496,0.02932196855545044
adapt_finetuned,11,2,odd_even_blocks,0,65,1,294,55,0.6352605553442373,0.5599087105363256,0.9670418500900269,0.032958149909973145
adapt_zero_shot,11,2,odd_even_blocks,0,67,1,299,58,0.505830590928602,0.5230719702389469,1.0034006834030151,-0.0034006834030151367
adapt_finetuned,11,2,odd_even_blocks,0,67,1,299,58,0.5011804263843181,0.5064744598655029,1.004675030708313,-0.004675030708312988
adapt_zero_shot,11,2,odd_even_blocks,0,68,1,215,41,0.6750770955985422,0.6460611157835716,0.9712152481079102,0.028784751892089844
adapt_finetuned,11,2,odd_even_blocks,0,68,1,215,41,0.6707317073170732,0.6424866834875245,0.9688847064971924,0.031115293502807617
adapt_zero_shot,11,2,odd_even_blocks,0,70,1,247,49,0.5371572871572872,0.512987012987013,0.9912163019180298,0.008783698081970215
adapt_finetuned,11,2,odd_even_blocks,0,70,1,247,49,0.5492166563595136,0.5207689136260565,0.9885512590408325,0.01144874095916748
adapt_zero_shot,11,3,odd_even_blocks,0,0,1,303,62,0.6612903225806452,0.6142082719850087,0.9562720060348511,0.043727993965148926
adapt_finetuned,11,3,odd_even_blocks,0,0,1,303,62,0.6617588006960247,0.6142082719850087,0.9562317728996277,0.043768227100372314
adapt_zero_shot,11,3,odd_even_blocks,0,1,2,590,111,0.5590099494066092,0.533920141435799,0.9921348094940186,0.007865190505981445
adapt_finetuned,11,3,odd_even_blocks,0,1,2,590,111,0.5632605465590852,0.5363369632680698,0.9911874532699585,0.008812546730041504
adapt_zero_shot,11,3,odd_even_blocks,0,2,1,253,52,0.5188002296211252,0.48335246842709534,1.0017740726470947,-0.0017740726470947266
adapt_finetuned,11,3,odd_even_blocks,0,2,1,253,52,0.5209050899349407,0.4715843857634902,1.0010669231414795,-0.0010669231414794922
adapt_zero_shot,11,3,odd_even_blocks,0,3,1,306,58,0.6037958843159066,0.5478309232480534,0.9785425662994385,0.021457433700561523
adapt_finetuned,11,3,odd_even_blocks,0,3,1,306,58,0.6068895995550612,0.5538793103448276,0.9781397581100464,0.021860241889953613
adapt_zero_shot,11,3,odd_even_blocks,0,19,1,300,58,0.640282131661442,0.6222570532915361,0.9644168019294739,0.03558319807052612
adapt_finetuned,11,3,odd_even_blocks,0,19,1,300,58,0.6327657452265603,0.6070817896836705,0.9625113010406494,0.037488698959350586
adapt_zero_shot,11,3,odd_even_blocks,0,22,2,314,57,0.49382210389787695,0.478018977404601,1.0195643901824951,-0.019564390182495117
adapt_finetuned,11,3,odd_even_blocks,0,22,2,314,57,0.49225203085534847,0.49457300839647755,1.0190623998641968,-0.019062399864196777
adapt_zero_shot,11,3,odd_even_blocks,0,36,1,274,53,0.47848544352428923,0.5035003841885085,1.0257859230041504,-0.02578592300415039
adapt_finetuned,11,3,odd_even_blocks,0,36,1,274,53,0.48467514727226163,0.47293605395714167,1.0205284357070923,-0.020528435707092285
adapt_zero_shot,11,3,odd_even_blocks,0,41,1,326,67,0.4148562208263701,0.4265832997176281,1.045046091079712,-0.045046091079711914
adapt_finetuned,11,3,odd_even_blocks,0,41,1,326,67,0.4145104592865787,0.4417679940068,1.04313063621521,-0.04313063621520996
adapt_zero_shot,11,3,odd_even_blocks,0,44,1,257,50,0.47222222222222227,0.4568115942028986,1.0327744483947754,-0.03277444839477539
adapt_finetuned,11,3,odd_even_blocks,0,44,1,257,50,0.4810144927536232,0.46439613526570045,1.0304794311523438,-0.03047943115234375
adapt_zero_shot,11,3,odd_even_blocks,0,53,1,297,57,0.5047880116959065,0.4905701754385965,1.0189883708953857,-0.018988370895385742
adapt_finetuned,11,3,odd_even_blocks,0,53,1,297,57,0.5038377192982456,0.4926535087719298,1.0168883800506592,-0.01688838005065918
adapt_zero_shot,11,3,odd_even_blocks,0,61,1,289,55,0.5290598290598291,0.496037296037296,1.0036371946334839,-0.0036371946334838867
adapt_finetuned,11,3,odd_even_blocks,0,61,1,289,55,0.540947940947941,0.5067210567210567,0.9991905689239502,0.0008094310760498047
adapt_zero_shot,11,3,odd_even_blocks,0,64,1,295,56,0.6918335325762105,0.6436043036461447,0.9418642520904541,0.0581357479095459
adapt_finetuned,11,3,odd_even_blocks,0,64,1,295,56,0.6936267184698147,0.6436043036461447,0.9424135088920593,0.057586491107940674
adapt_zero_shot,11,3,odd_even_blocks,0,71,1,298,56,0.5169347697756789,0.5184474616292798,1.0089755058288574,-0.008975505828857422
adapt_finetuned,11,3,odd_even_blocks,0,71,1,298,56,0.5268963990554899,0.5039846517119244,1.004966139793396,-0.004966139793395996
adapt_zero_shot,11,4,odd_even_blocks,0,13,1,298,56,0.6069214876033059,0.5343122786304605,0.9762680530548096,0.02373194694519043
adapt_finetuned,11,4,odd_even_blocks,0,13,1,298,56,0.6073642266824085,0.5425767414403778,0.9765526056289673,0.023447394371032715
adapt_zero_shot,11,4,odd_even_blocks,0,15,1,275,51,0.45680147058823534,0.4928658963585434,1.0235559940338135,-0.023555994033813477
adapt_finetuned,11,4,odd_even_blocks,0,15,1,275,51,0.4577205882352941,0.48082983193277307,1.0232799053192139,-0.023279905319213867
adapt_zero_shot,11,4,odd_even_blocks,0,17,1,242,46,0.36080301685891747,0.36135758651286604,1.0416464805603027,-0.041646480560302734
adapt_finetuned,11,4,odd_even_blocks,0,17,1,242,46,0.36080301685891747,0.35880656610470274,1.0429863929748535,-0.042986392974853516
adapt_zero_shot,11,4,odd_even_blocks,0,18,1,281,52,0.5955660060463553,0.5740678535438362,0.980244517326355,0.01975548267364502
adapt_finetuned,11,4,odd_even_blocks,0,18,1,281,52,0.5955660060463553,0.5592038965401411,0.9800130128860474,0.019986987113952637
adapt_zero_shot,11,4,odd_even_blocks,0,26,1,290,56,0.38610347985347987,0.44177350427350426,1.0578991174697876,-0.0578991174697876
adapt_finetuned,11,4,odd_even_blocks,0,26,1,290,56,0.3890033577533577,0.4375,1.0484485626220703,-0.04844856262207031
adapt_zero_shot,11,4,odd_even_blocks,0,34,1,303,57,0.6579303950934245,0.6384253316217372,0.9626854658126831,0.037314534187316895
adapt_finetuned,11,4,odd_even_blocks,0,34,1,303,57,0.661995435743831,0.6276208814719726,0.9597668647766113,0.04023313522338867
adapt_zero_shot,11,4,odd_even_blocks,0,35,1,290,57,0.5570363677433928,0.5267299149160455,0.9936435222625732,0.006356477737426758
adapt_finetuned,11,4,odd_even_blocks,0,35,1,290,57,0.548904449966117,0.5421278518183872,0.9949171543121338,0.005082845687866211
adapt_zero_shot,11,4,odd_even_blocks,0,38,2,596,113,0.711125158027813,0.6414005386687187,0.9516138434410095,0.04838615655899048
adapt_finetuned,11,4,odd_even_blocks,0,38,2,596,113,0.7228329577309953,0.6514685135308451,0.9427564144134521,0.05724358558654785
adapt_zero_shot,11,4,odd_even_blocks,0,39,1,299,54,0.47773998488284203,0.4620937263794407,1.0181971788406372,-0.018197178840637207
adapt_finetuned,11,4,odd_even_blocks,0,39,1,299,54,0.47826908541194263,0.4620937263794407,1.0178542137145996,-0.01785421371459961
adapt_zero_shot,11,4,odd_even_blocks,0,51,2,604,113,0.5674440819710542,0.5548366166213075,0.9931467771530151,0.006853222846984863
adapt_finetuned,11,4,odd_even_blocks,0,51,2,604,113,0.5647585746985564,0.5350287475442927,0.9925620555877686,0.007437944412231445
adapt_zero_shot,11,4,odd_even_blocks,0,52,1,297,55,0.5231404958677687,0.5132231404958678,1.0025920867919922,-0.0025920867919921875
adapt_finetuned,11,4,odd_even_blocks,0,52,1,297,55,0.5236288504883546,0.5012396694214876,1.002265214920044,-0.0022652149200439453
adapt_zero_shot,11,4,odd_even_blocks,0,54,1,296,55,0.5151263674085251,0.5296869105997737,1.0065269470214844,-0.006526947021484375
adapt_finetuned,11,4,odd_even_blocks,0,54,1,296,55,0.5199547340626178,0.522670690305545,1.0030786991119385,-0.0030786991119384766
adapt_zero_shot,11,4,odd_even_blocks,0,72,1,207,40,0.5603293413173652,0.5708832335329341,0.9904180765151978,0.009581923484802246
adapt_finetuned,11,4,odd_even_blocks,0,72,1,207,40,0.5600299401197604,0.5708832335329341,0.9905012845993042,0.0094987154006958
adapt_zero_shot,22,0,odd_even_blocks,0,4,2,573,111,0.5656663156663156,0.5464490464490465,0.992938220500946,0.007061779499053955
adapt_finetuned,22,0,odd_even_blocks,0,4,2,573,111,0.5671775671775672,0.5477067977067978,0.9924278855323792,0.00757211446762085
adapt_zero_shot,22,0,odd_even_blocks,0,21,1,279,55,0.6687905844155845,0.6236607142857142,0.9659066200256348,0.034093379974365234
adapt_finetuned,22,0,odd_even_blocks,0,21,1,279,55,0.67049512987013,0.616801948051948,0.9672931432723999,0.0327068567276001
adapt_zero_shot,22,0,odd_even_blocks,0,31,2,521,101,0.5896511079679395,0.5758015087223008,0.9867873191833496,0.01321268081665039
adapt_finetuned,22,0,odd_even_blocks,0,31,2,521,101,0.606989627534182,0.5795497406883545,0.9803640246391296,0.01963597536087036
adapt_zero_shot,22,0,odd_even_blocks,0,36,1,274,53,0.5307777682916417,0.4933407325194229,1.0067247152328491,-0.006724715232849121
adapt_finetuned,22,0,odd_even_blocks,0,36,1,274,53,0.5328694612823359,0.5027746947835738,1.0048198699951172,-0.0048198699951171875
adapt_zero_shot,22,0,odd_even_blocks,0,37,1,230,46,0.45457230623818523,0.45652173913043476,1.0172971487045288,-0.01729714870452881
adapt_finetuned,22,0,odd_even_blocks,0,37,1,230,46,0.45581285444234404,0.46739130434782605,1.0184727907180786,-0.018472790718078613
adapt_zero_shot,22,0,odd_even_blocks,0,42,1,286,54,0.5064256066411239,0.5197956577266922,1.0066883563995361,-0.006688356399536133
adapt_finetuned,22,0,odd_even_blocks,0,42,1,286,54,0.5065852490421456,0.5197956577266922,1.0064783096313477,-0.006478309631347656
adapt_zero_shot,22,0,odd_even_blocks,0,43,1,297,53,0.6802118775131457,0.6076399628827713,0.9586942195892334,0.0413057804107666
adapt_finetuned,22,0,odd_even_blocks,0,43,1,297,53,0.6786266625425301,0.6088772038354469,0.961247444152832,0.03875255584716797
adapt_zero_shot,22,0,odd_even_blocks,0,48,1,229,43,0.6104651162790697,0.5550137534383596,0.9791519641876221,0.02084803581237793
adapt_finetuned,22,0,odd_even_blocks,0,48,1,229,43,0.6099024756189046,0.5550137534383596,0.9791467785835266,0.02085322141647339
adapt_zero_shot,22,0,odd_even_blocks,0,54,1,296,55,0.5197661259901925,0.5247453791022255,1.0060820579528809,-0.006082057952880859
adapt_finetuned,22,0,odd_even_blocks,0,54,1,296,55,0.5241795548849492,0.518521312712184,1.002868413925171,-0.0028684139251708984
adapt_zero_shot,22,0,odd_even_blocks,0,57,1,299,56,0.6004188712522046,0.5841784244562023,0.9860351085662842,0.01396489143371582
adapt_finetuned,22,0,odd_even_blocks,0,57,1,299,56,0.6085023515579071,0.5745517342739564,0.9829583168029785,0.017041683197021484
adapt_zero_shot,22,0,odd_even_blocks,0,61,1,289,55,0.5350815850815851,0.5532634032634033,1.0022279024124146,-0.0022279024124145508
adapt_finetuned,22,0,odd_even_blocks,0,61,1,289,55,0.5398989898989899,0.5324009324009324,0.9998362064361572,0.00016379356384277344
adapt_zero_shot,22,0,odd_even_blocks,0,72,1,207,40,0.5268712574850299,0.5309131736526946,0.9964462518692017,0.00355374813079834
adapt_finetuned,22,0,odd_even_blocks,0,72,1,207,40,0.5264970059880241,0.5309131736526946,0.9965721964836121,0.0034278035163879395
adapt_zero_shot,22,1,odd_even_blocks,0,0,1,303,62,0.6362267434078436,0.6040690670592959,0.9690043926239014,0.030995607376098633
adapt_finetuned,22,1,odd_even_blocks,0,0,1,303,62,0.6411457636193281,0.6079842055949672,0.967445969581604,0.032554030418395996
adapt_zero_shot,22,1,odd_even_blocks,0,2,1,253,52,0.4870838117106774,0.5140164561806353,1.0115309953689575,-0.01153099536895752
adapt_finetuned,22,1,odd_even_blocks,0,2,1,253,52,0.4904324531190203,0.5022483735170302,1.0111150741577148,-0.011115074157714844
adapt_zero_shot,22,1,odd_even_blocks,0,5,1,299,56,0.61603468547913,0.5676807760141094,0.9796891212463379,0.02031087875366211
adapt_finetuned,22,1,odd_even_blocks,0,5,1,299,56,0.6371987066431511,0.571061140505585,0.9774540066719055,0.022545993328094482
adapt_zero_shot,22,1,odd_even_blocks,0,16,1,290,54,0.5479833647206529,0.5108286252354048,0.9892995357513428,0.010700464248657227
adapt_finetuned,22,1,odd_even_blocks,0,16,1,290,54,0.5435106716886378,0.49231010671688635,0.992150068283081,0.007849931716918945
adapt_zero_shot,22,1,odd_even_blocks,0,18,1,281,52,0.5993029895868325,0.539553241518307,0.9766873121261597,0.023312687873840332
adapt_finetuned,22,1,odd_even_blocks,0,18,1,281,52,0.5946002687269063,0.539553241518307,0.9784326553344727,0.021567344665527344
adapt_zero_shot,22,1,odd_even_blocks,0,20,2,556,104,0.5610002552756977,0.5620319945541185,0.9925808906555176,0.007419109344482422
adapt_finetuned,22,1,odd_even_blocks,0,20,2,556,104,0.5726259360108918,0.5538631722260041,0.9898859262466431,0.010114073753356934
adapt_zero_shot,22,1,odd_even_blocks,0,32,1,301,58,0.6647864339435221,0.6120334894281254,0.9585133194923401,0.04148668050765991
adapt_finetuned,22,1,odd_even_blocks,0,32,1,301,58,0.6741875975592451,0.6100823045267489,0.9530361890792847,0.04696381092071533
adapt_zero_shot,22,1,odd_even_blocks,0,33,1,295,56,0.5307830245068739,0.5318664076509265,1.0026838779449463,-0.002683877944946289
adapt_finetuned,22,1,odd_even_blocks,0,33,1,295,56,0.530409444112373,0.5318664076509265,1.0014722347259521,-0.0014722347259521484
adapt_zero_shot,22,1,odd_even_blocks,0,35,1,290,57,0.5498456441533017,0.5263534372411716,1.0004775524139404,-0.0004775524139404297
adapt_finetuned,22,1,odd_even_blocks,0,35,1,290,57,0.551615089225209,0.534937128228296,1.0005751848220825,-0.0005751848220825195
adapt_zero_shot,22,1,odd_even_blocks,0,39,1,299,54,0.47324263038548753,0.45786092214663643,1.017390251159668,-0.01739025115966797
adapt_finetuned,22,1,odd_even_blocks,0,39,1,299,54,0.4760393046107332,0.4782690854119426,1.015244960784912,-0.01524496078491211
adapt_zero_shot,22,1,odd_even_blocks,0,44,1,257,50,0.49169082125603863,0.49164251207729465,1.019372820854187,-0.01937282085418701
adapt_finetuned,22,1,odd_even_blocks,0,44,1,257,50,0.4984541062801932,0.49922705314009663,1.0189027786254883,-0.01890277862548828
adapt_zero_shot,22,1,odd_even_blocks,0,46,1,270,53,0.5483001478132336,0.5324319624380489,0.9966990947723389,0.003300905227661133
adapt_finetuned,22,1,odd_even_blocks,0,46,1,270,53,0.5442570211285975,0.5372576297713243,0.9977591037750244,0.002240896224975586
adapt_zero_shot,22,1,odd_even_blocks,0,56,1,298,57,0.5164883162262502,0.549355754531557,1.013831615447998,-0.013831615447998047
adapt_finetuned,22,1,odd_even_blocks,0,56,1,298,57,0.5108466186212419,0.5343597583169541,1.0130709409713745,-0.013070940971374512
adapt_zero_shot,22,1,odd_even_blocks,0,58,1,292,54,0.5461017740429506,0.514161220043573,0.9961589574813843,0.0038410425186157227
adapt_finetuned,22,1,odd_even_blocks,0,58,1,292,54,0.5495642701525055,0.49268596327419856,0.9964559078216553,0.0035440921783447266
adapt_zero_shot,22,1,odd_even_blocks,0,68,1,215,41,0.673395009812167,0.6403139893467901,0.9711892604827881,0.028810739517211914
adapt_finetuned,22,1,odd_even_blocks,0,68,1,215,41,0.6701710120549482,0.6338659938323521,0.969916820526123,0.030083179473876953
adapt_zero_shot,22,2,odd_even_blocks,0,10,1,299,57,0.6959910105843121,0.6219733217340873,0.9553501605987549,0.04464983940124512
adapt_finetuned,22,2,odd_even_blocks,0,10,1,299,57,0.71382485138466,0.638502247353922,0.9582257866859436,0.041774213314056396
adapt_zero_shot,22,2,odd_even_blocks,0,11,1,256,53,0.5698020262106144,0.5527465377823217,0.9898555874824524,0.010144412517547607
adapt_finetuned,22,2,odd_even_blocks,0,11,1,256,53,0.5685937354772749,0.5568361371874709,0.9912464022636414,0.008753597736358643
adapt_zero_shot,22,2,odd_even_blocks,0,12,1,295,57,0.5805690697331564,0.5720919946926138,0.9886295199394226,0.011370480060577393
adapt_finetuned,22,2,odd_even_blocks,0,12,1,295,57,0.5845127524694088,0.5854341736694677,0.9871783256530762,0.012821674346923828
adapt_zero_shot,22,2,odd_even_blocks,0,14,1,295,55,0.5282954545454546,0.506439393939394,0.9994055032730103,0.0005944967269897461
adapt_finetuned,22,2,odd_even_blocks,0,14,1,295,55,0.5227272727272727,0.5022727272727273,0.9977549314498901,0.0022450685501098633
adapt_zero_shot,22,2,odd_even_blocks,0,24,2,549,104,0.5110630942091616,0.48020743301642177,1.0028504133224487,-0.0028504133224487305
adapt_finetuned,22,2,odd_even_blocks,0,24,2,549,104,0.5292783059636992,0.5157951598962836,1.0014536380767822,-0.0014536380767822266
adapt_zero_shot,22,2,odd_even_blocks,0,25,2,545,106,0.5835947909055744,0.5597842437787424,0.9876946806907654,0.01230531930923462
adapt_finetuned,22,2,odd_even_blocks,0,25,2,545,106,0.5835410667468947,0.5633622727468088,0.9878609776496887,0.01213902235031128
adapt_zero_shot,22,2,odd_even_blocks,0,30,1,300,56,0.6610070257611241,0.6595433255269321,0.9598283767700195,0.04017162322998047
adapt_finetuned,22,2,odd_even_blocks,0,30,1,300,56,0.6603117681498829,0.6595433255269321,0.9605125784873962,0.03948742151260376
adapt_zero_shot,22,2,odd_even_blocks,0,47,1,301,58,0.4969490563360295,0.5129842486164325,1.0140645503997803,-0.014064550399780273
adapt_finetuned,22,2,odd_even_blocks,0,47,1,301,58,0.4907407407407408,0.5146516248048815,1.0112757682800293,-0.011275768280029297
adapt_zero_shot,22,2,odd_even_blocks,0,49,1,301,56,0.5906705539358601,0.5885204081632653,0.9881396293640137,0.011860370635986328
adapt_finetuned,22,2,odd_even_blocks,0,49,1,301,56,0.591399416909621,0.5877551020408163,0.988473653793335,0.011526346206665039
adapt_zero_shot,22,2,odd_even_blocks,0,50,1,220,40,0.6129166666666667,0.5541666666666667,0.9744171500205994,0.025582849979400635
adapt_finetuned,22,2,odd_even_blocks,0,50,1,220,40,0.6113888888888889,0.5527777777777778,0.9756889939308167,0.02431100606918335
adapt_zero_shot,22,2,odd_even_blocks,0,52,1,297,55,0.5480841472577009,0.5462809917355372,0.9972591400146484,0.0027408599853515625
adapt_finetuned,22,2,odd_even_blocks,0,52,1,297,55,0.5527047332832457,0.5504132231404959,0.9961112141609192,0.0038887858390808105
adapt_zero_shot,22,2,odd_even_blocks,0,63,1,281,54,0.5263909283733071,0.5200277369880895,1.0175116062164307,-0.017511606216430664
adapt_finetuned,22,2,odd_even_blocks,0,63,1,281,54,0.5285935715451134,0.5015092184695709,1.008589506149292,-0.008589506149291992
adapt_zero_shot,22,2,odd_even_blocks,0,64,1,295,56,0.7617677824267782,0.7217199641362821,0.915686845779419,0.08431315422058105
adapt_finetuned,22,2,odd_even_blocks,0,64,1,295,56,0.7631873879258817,0.7238120143454871,0.9170737266540527,0.08292627334594727
adapt_zero_shot,22,2,odd_even_blocks,0,65,1,294,55,0.6416508178014453,0.5786610878661088,0.9640506505966187,0.03594934940338135
adapt_finetuned,22,2,odd_even_blocks,0,65,1,294,55,0.6370863446177254,0.5765690376569037,0.9629114270210266,0.03708857297897339
adapt_zero_shot,22,2,odd_even_blocks,0,70,1,247,49,0.5502473716759431,0.5099464028035456,0.9878593683242798,0.012140631675720215
adapt_finetuned,22,2,odd_even_blocks,0,70,1,247,49,0.5532879818594105,0.5281385281385281,0.9871741533279419,0.012825846672058105
adapt_zero_shot,22,3,odd_even_blocks,0,6,1,226,40,0.5610887096774193,0.523252688172043,0.9871069192886353,0.012893080711364746
adapt_finetuned,22,3,odd_even_blocks,0,6,1,226,40,0.5599462365591398,0.5125,0.9873192310333252,0.012680768966674805
adapt_zero_shot,22,3,odd_even_blocks,0,17,1,242,46,0.3440550133096717,0.3824312333629104,1.0453683137893677,-0.045368313789367676
adapt_finetuned,22,3,odd_even_blocks,0,17,1,242,46,0.34383318544809227,0.38498225377107365,1.0457689762115479,-0.04576897621154785
adapt_zero_shot,22,3,odd_even_blocks,0,19,1,300,58,0.6300940438871473,0.5619122257053292,0.9695222973823547,0.030477702617645264
adapt_finetuned,22,3,odd_even_blocks,0,19,1,300,58,0.6240738102023369,0.5557138785978911,0.9688751697540283,0.03112483024597168
adapt_zero_shot,22,3,odd_even_blocks,0,23,1,300,57,0.5793444516641397,0.5693090751570284,0.9930773973464966,0.006922602653503418
adapt_finetuned,22,3,odd_even_blocks,0,23,1,300,57,0.5919067215363512,0.5693090751570284,0.9881506562232971,0.01184934377670288
adapt_zero_shot,22,3,odd_even_blocks,0,26,1,290,56,0.3344398656898657,0.3806471306471307,1.056675910949707,-0.05667591094970703
adapt_finetuned,22,3,odd_even_blocks,0,26,1,290,56,0.32997557997558,0.37423687423687424,1.0446969270706177,-0.044696927070617676
adapt_zero_shot,22,3,odd_even_blocks,0,34,1,303,57,0.6681286549707602,0.6209884467265725,0.9583398699760437,0.0416601300239563
adapt_finetuned,22,3,odd_even_blocks,0,34,1,303,57,0.665596919127086,0.6209884467265725,0.9590808153152466,0.04091918468475342
adapt_zero_shot,22,3,odd_even_blocks,0,38,2,596,113,0.6944978838014622,0.634804595173968,0.9510167837142944,0.048983216285705566
adapt_finetuned,22,3,odd_even_blocks,0,38,2,596,113,0.7176569742941423,0.6506165374961066,0.9419798851013184,0.05802011489868164
adapt_zero_shot,22,3,odd_even_blocks,0,41,1,326,67,0.43081887858007256,0.46222555177779057,1.0324267148971558,-0.03242671489715576
adapt_finetuned,22,3,odd_even_blocks,0,41,1,326,67,0.43885783438022247,0.47522042298161704,1.0294547080993652,-0.029454708099365234
adapt_zero_shot,22,3,odd_even_blocks,0,45,2,574,109,0.5615764032751307,0.5388872447469666,0.9936184883117676,0.006381511688232422
adapt_finetuned,22,3,odd_even_blocks,0,45,2,574,109,0.5632928874420441,0.5388872447469666,0.992845892906189,0.007154107093811035
adapt_zero_shot,22,3,odd_even_blocks,0,53,1,297,57,0.5178362573099415,0.4651315789473684,1.0113437175750732,-0.011343717575073242
adapt_finetuned,22,3,odd_even_blocks,0,53,1,297,57,0.519188596491228,0.4692982456140351,1.009913682937622,-0.00991368293762207
adapt_zero_shot,22,3,odd_even_blocks,0,62,1,283,55,0.599322169059011,0.6183014354066986,0.9803053140640259,0.01969468593597412
adapt_finetuned,22,3,odd_even_blocks,0,62,1,283,55,0.6006778309409888,0.629585326953748,0.9791062474250793,0.020893752574920654
adapt_zero_shot,22,3,odd_even_blocks,0,67,1,299,58,0.48075547288596365,0.5158821004435541,1.010340690612793,-0.010340690612792969
adapt_finetuned,22,3,odd_even_blocks,0,67,1,299,58,0.47871655458577766,0.508227214193733,1.0150346755981445,-0.015034675598144531
adapt_zero_shot,22,3,odd_even_blocks,0,71,1,298,56,0.5263798701298701,0.5239079102715467,1.0127052068710327,-0.012705206871032715
adapt_finetuned,22,3,odd_even_blocks,0,71,1,298,56,0.5290363046044864,0.5369687131050768,1.0083930492401123,-0.008393049240112305
adapt_zero_shot,22,4,odd_even_blocks,0,1,2,590,111,0.5380390829242604,0.5189772235701254,0.9969756603240967,0.0030243396759033203
adapt_finetuned,22,4,odd_even_blocks,0,1,2,590,111,0.5529067689819256,0.5324907370836389,0.9937209486961365,0.006279051303863525
adapt_zero_shot,22,4,odd_even_blocks,0,3,1,306,58,0.6232967185761957,0.567992213570634,0.9760145545005798,0.023985445499420166
adapt_finetuned,22,4,odd_even_blocks,0,3,1,306,58,0.6243743047830923,0.5745967741935484,0.975944995880127,0.024055004119873047
adapt_zero_shot,22,4,odd_even_blocks,0,8,1,289,53,0.5702350495682763,0.5438119603453789,0.9898796081542969,0.010120391845703125
adapt_finetuned,22,4,odd_even_blocks,0,8,1,289,53,0.5723137192196994,0.5438119603453789,0.9894133806228638,0.01058661937713623
adapt_zero_shot,22,4,odd_even_blocks,0,13,1,298,56,0.5680711334120425,0.5419126328217236,0.9947571754455566,0.005242824554443359
adapt_finetuned,22,4,odd_even_blocks,0,13,1,298,56,0.5667429161747344,0.5206611570247934,0.9935328960418701,0.006467103958129883
adapt_zero_shot,22,4,odd_even_blocks,0,15,1,275,51,0.47146358543417366,0.49063375350140054,1.0176912546157837,-0.01769125461578369
adapt_finetuned,22,4,odd_even_blocks,0,15,1,275,51,0.4762780112044818,0.5138305322128851,1.0156704187393188,-0.015670418739318848
adapt_zero_shot,22,4,odd_even_blocks,0,22,2,314,57,0.49051129769950164,0.5374428288620383,1.0134609937667847,-0.013460993766784668
adapt_finetuned,22,4,odd_even_blocks,0,22,2,314,57,0.48986278926889204,0.5335517782783807,1.0134308338165283,-0.01343083381652832
adapt_zero_shot,22,4,odd_even_blocks,0,27,1,294,56,0.4523559423769508,0.47584033613445376,1.020493745803833,-0.020493745803833008
adapt_finetuned,22,4,odd_even_blocks,0,27,1,294,56,0.45284363745498196,0.47111344537815125,1.0175411701202393,-0.017541170120239258
adapt_zero_shot,22,4,odd_even_blocks,0,40,1,259,47,0.4569951826575673,0.42362505018065033,1.0209250450134277,-0.020925045013427734
adapt_finetuned,22,4,odd_even_blocks,0,40,1,259,47,0.45559012444801283,0.44369731031714166,1.0229287147521973,-0.022928714752197266
adapt_zero_shot,22,4,odd_even_blocks,0,51,2,604,113,0.5925238361299858,0.549988284699818,0.9852627515792847,0.014737248420715332
adapt_finetuned,22,4,odd_even_blocks,0,51,2,604,113,0.5936052484544816,0.5621721968891371,0.982601523399353,0.017398476600646973
adapt_zero_shot,22,4,odd_even_blocks,0,59,2,565,108,0.5378272145230569,0.5401065726558067,0.9984593391418457,0.0015406608581542969
adapt_finetuned,22,4,odd_even_blocks,0,59,2,565,108,0.5443512440230165,0.5393467866115569,0.997071385383606,0.002928614616394043
adapt_zero_shot,22,4,odd_even_blocks,0,66,1,254,52,0.6050076161462301,0.5929169840060928,0.9780797958374023,0.021920204162597656
adapt_finetuned,22,4,odd_even_blocks,0,66,1,254,52,0.6053408225437928,0.6003427265803503,0.9782634377479553,0.021736562252044678
adapt_zero_shot,22,4,odd_even_blocks,0,69,1,294,56,0.5434423769507805,0.5336134453781513,1.0000613927841187,-6.139278411865234e-05
adapt_finetuned,22,4,odd_even_blocks,0,69,1,294,56,0.5313250300120049,0.5493697478991597,1.0011346340179443,-0.001134634017944336
adapt_zero_shot,33,0,odd_even_blocks,0,1,2,590,111,0.5637683612631421,0.5373243807481803,0.9923090934753418,0.007690906524658203
adapt_finetuned,33,0,odd_even_blocks,0,1,2,590,111,0.5695518065037898,0.54803550941338,0.9903901815414429,0.009609818458557129
adapt_zero_shot,33,0,odd_even_blocks,0,3,1,306,58,0.6280937152391546,0.5962875417130145,0.9722310304641724,0.027768969535827637
adapt_finetuned,33,0,odd_even_blocks,0,3,1,306,58,0.6340725806451613,0.5581201334816464,0.9724295139312744,0.027570486068725586
adapt_zero_shot,33,0,odd_even_blocks,0,15,1,275,51,0.467874649859944,0.4803483893557423,1.018675446510315,-0.01867544651031494
adapt_finetuned,33,0,odd_even_blocks,0,15,1,275,51,0.468968837535014,0.4825805322128851,1.018584132194519,-0.018584132194519043
adapt_zero_shot,33,0,odd_even_blocks,0,21,1,279,55,0.5851866883116884,0.5514204545454545,0.9896863698959351,0.010313630104064941
adapt_finetuned,33,0,odd_even_blocks,0,21,1,279,55,0.5856331168831168,0.5605113636363637,0.989655613899231,0.010344386100769043
adapt_zero_shot,33,0,odd_even_blocks,0,26,1,290,56,0.38030372405372403,0.4532203907203907,1.0499452352523804,-0.04994523525238037
adapt_finetuned,33,0,odd_even_blocks,0,26,1,290,56,0.3784722222222222,0.44467338217338215,1.0475411415100098,-0.047541141510009766
adapt_zero_shot,33,0,odd_even_blocks,0,44,1,257,50,0.494927536231884,0.48642512077294686,1.017897605895996,-0.017897605895996094
adapt_finetuned,33,0,odd_even_blocks,0,44,1,257,50,0.4964734299516908,0.5009178743961353,1.0193045139312744,-0.019304513931274414
adapt_zero_shot,33,0,odd_even_blocks,0,50,1,220,40,0.6482638888888889,0.6305555555555555,0.9660686254501343,0.03393137454986572
adapt_finetuned,33,0,odd_even_blocks,0,50,1,220,40,0.6459722222222222,0.6263888888888889,0.9663981199264526,0.03360188007354736
adapt_zero_shot,33,0,odd_even_blocks,0,51,2,604,113,0.5616945731124849,0.5576122415875133,0.9942965507507324,0.005703449249267578
adapt_finetuned,33,0,odd_even_blocks,0,51,2,604,113,0.5659481282555017,0.5534668276769461,0.9921573400497437,0.007842659950256348
adapt_zero_shot,33,0,odd_even_blocks,0,56,1,298,57,0.5242411006770038,0.4984348838902235,1.0043375492095947,-0.0043375492095947266
adapt_finetuned,33,0,odd_even_blocks,0,56,1,298,57,0.5249326636092305,0.504658950280265,1.0038018226623535,-0.0038018226623535156
adapt_zero_shot,33,0,odd_even_blocks,0,58,1,292,54,0.5547385620915033,0.5364923747276689,0.991614818572998,0.008385181427001953
adapt_finetuned,33,0,odd_even_blocks,0,58,1,292,54,0.5570339246809834,0.5221755368814193,0.9923850297927856,0.0076149702072143555
adapt_zero_shot,33,0,odd_even_blocks,0,61,1,289,55,0.5398601398601398,0.4933954933954934,0.9956499934196472,0.004350006580352783
adapt_finetuned,33,0,odd_even_blocks,0,61,1,289,55,0.5429292929292929,0.47253302253302254,0.9937561750411987,0.0062438249588012695
adapt_zero_shot,33,0,odd_even_blocks,0,64,1,295,56,0.6990062761506276,0.6095711297071129,0.9470395445823669,0.05296045541763306
adapt_finetuned,33,0,odd_even_blocks,0,64,1,295,56,0.7013224745965332,0.6122235505080693,0.9468215107917786,0.053178489208221436
adapt_zero_shot,33,0,odd_even_blocks,0,69,1,294,56,0.48056722689075626,0.5010504201680672,1.0307073593139648,-0.030707359313964844
adapt_finetuned,33,0,odd_even_blocks,0,69,1,294,56,0.4824804921968788,0.5120798319327731,1.028222680091858,-0.02822268009185791
adapt_zero_shot,33,0,odd_even_blocks,0,71,1,298,56,0.5213252656434475,0.501844746162928,1.011488914489746,-0.011488914489746094
adapt_finetuned,33,0,odd_even_blocks,0,71,1,298,56,0.5219524793388429,0.4936540731995277,1.0091032981872559,-0.00910329818725586
adapt_zero_shot,33,1,odd_even_blocks,0,8,1,289,53,0.5493284298049249,0.5734729772945315,0.9979892373085022,0.0020107626914978027
adapt_finetuned,33,1,odd_even_blocks,0,8,1,289,53,0.5536456667732651,0.5692356891589383,0.9961475729942322,0.0038524270057678223
adapt_zero_shot,33,1,odd_even_blocks,0,13,1,298,56,0.6053719008264462,0.5694362455726092,0.9741826057434082,0.025817394256591797
adapt_finetuned,33,1,odd_even_blocks,0,13,1,298,56,0.6083972845336482,0.5584415584415584,0.9736157059669495,0.026384294033050537
adapt_zero_shot,33,1,odd_even_blocks,0,17,1,242,46,0.29924578527063,0.36390860692102933,1.0510718822479248,-0.051071882247924805
adapt_finetuned,33,1,odd_even_blocks,0,17,1,242,46,0.30384871339840286,0.35048802129547474,1.052018165588379,-0.052018165588378906
adapt_zero_shot,33,1,odd_even_blocks,0,18,1,281,52,0.5752855223379242,0.5504702720859926,0.9871252775192261,0.012874722480773926
adapt_finetuned,33,1,odd_even_blocks,0,18,1,281,52,0.5754954652334564,0.5469852200201545,0.9868190288543701,0.013180971145629883
adapt_zero_shot,33,1,odd_even_blocks,0,19,1,300,58,0.6318751781134226,0.572955257908236,0.9724718332290649,0.02752816677093506
adapt_finetuned,33,1,odd_even_blocks,0,19,1,300,58,0.6321601595896267,0.5725990310629809,0.9692038893699646,0.0307961106300354
adapt_zero_shot,33,1,odd_even_blocks,0,20,2,556,104,0.5216346153846154,0.5388019060585432,1.0115303993225098,-0.011530399322509766
adapt_finetuned,33,1,odd_even_blocks,0,20,2,556,104,0.5183585772634445,0.5362066031313819,1.0119407176971436,-0.011940717697143555
adapt_zero_shot,33,1,odd_even_blocks,0,32,1,301,58,0.6524407549311765,0.6185965659145736,0.9679253101348877,0.032074689865112305
adapt_finetuned,33,1,odd_even_blocks,0,32,1,301,58,0.6608485880516533,0.6350574712643677,0.9630953669548035,0.03690463304519653
adapt_zero_shot,33,1,odd_even_blocks,0,33,1,295,56,0.5090032875074717,0.5062014345487149,1.0066807270050049,-0.006680727005004883
adapt_finetuned,33,1,odd_even_blocks,0,33,1,295,56,0.49876718469814707,0.4868126120741184,1.0072038173675537,-0.007203817367553711
adapt_zero_shot,33,1,odd_even_blocks,0,34,1,303,57,0.6626016260162602,0.5939238339751818,0.9622281789779663,0.03777182102203369
adapt_finetuned,33,1,odd_even_blocks,0,34,1,303,57,0.6584296106118955,0.5932819854514334,0.9600808620452881,0.039919137954711914
adapt_zero_shot,33,1,odd_even_blocks,0,35,1,290,57,0.5965665236051502,0.5635870792861983,0.9863648414611816,0.01363515853881836
adapt_finetuned,33,1,odd_even_blocks,0,35,1,290,57,0.5938935321135456,0.5483773812212935,0.9838422536849976,0.01615774631500244
adapt_zero_shot,33,1,odd_even_blocks,0,38,2,596,113,0.6644680188350831,0.6176551420876162,0.9590709209442139,0.04092907905578613
adapt_finetuned,33,1,odd_even_blocks,0,38,2,596,113,0.6890562304182927,0.6462742080287289,0.9522497653961182,0.047750234603881836
adapt_zero_shot,33,1,odd_even_blocks,0,53,1,297,57,0.49619883040935675,0.47971491228070173,1.0162560939788818,-0.016256093978881836
adapt_finetuned,33,1,odd_even_blocks,0,53,1,297,57,0.4950292397660818,0.475109649122807,1.0137715339660645,-0.013771533966064453
adapt_zero_shot,33,1,odd_even_blocks,0,54,1,296,55,0.5414183327046398,0.5418332704639759,0.9963065385818481,0.0036934614181518555
adapt_finetuned,33,1,odd_even_blocks,0,54,1,296,55,0.5531120331950208,0.5413428894756696,0.9918817281723022,0.008118271827697754
adapt_zero_shot,33,1,odd_even_blocks,0,68,1,215,41,0.6645640594336978,0.6410849453322119,0.966562032699585,0.03343796730041504
adapt_finetuned,33,1,odd_even_blocks,0,68,1,215,41,0.6656153630501822,0.6317633865993832,0.9647908210754395,0.03520917892456055
adapt_zero_shot,33,2,odd_even_blocks,0,11,1,256,53,0.5524212287387303,0.5301607956129752,0.9967872500419617,0.00321274995803833
adapt_finetuned,33,2,odd_even_blocks,0,11,1,256,53,0.546519193233572,0.5395947578771261,0.9968135356903076,0.003186464309692383
adapt_zero_shot,33,2,odd_even_blocks,0,23,1,300,57,0.5552667677424012,0.5425601039636128,0.9984765648841858,0.001523435115814209
adapt_finetuned,33,2,odd_even_blocks,0,23,1,300,57,0.5746516497003826,0.5539311241065628,0.9915337562561035,0.008466243743896484
adapt_zero_shot,33,2,odd_even_blocks,0,24,2,549,104,0.5212942955920484,0.5101771823681936,1.002903699874878,-0.0029036998748779297
adapt_finetuned,33,2,odd_even_blocks,0,24,2,549,104,0.5209269662921348,0.5159248055315471,1.0028774738311768,-0.002877473831176758
adapt_zero_shot,33,2,odd_even_blocks,0,27,1,294,56,0.47340186074429774,0.4947478991596639,1.0228753089904785,-0.022875308990478516
adapt_finetuned,33,2,odd_even_blocks,0,27,1,294,56,0.4767406962785114,0.4952731092436975,1.0177521705627441,-0.01775217056274414
adapt_zero_shot,33,2,odd_even_blocks,0,30,1,300,56,0.672423887587822,0.6219262295081966,0.9581019878387451,0.04189801216125488
adapt_finetuned,33,2,odd_even_blocks,0,30,1,300,56,0.6785714285714286,0.632172131147541,0.955808162689209,0.044191837310791016
adapt_zero_shot,33,2,odd_even_blocks,0,36,1,274,53,0.4554341330145992,0.4533424400239051,1.0273675918579102,-0.027367591857910156
adapt_finetuned,33,2,odd_even_blocks,0,36,1,274,53,0.4603005207888671,0.4461709211986682,1.021140217781067,-0.021140217781066895
adapt_zero_shot,33,2,odd_even_blocks,0,37,1,230,46,0.4851724952741021,0.47282608695652173,1.0062838792800903,-0.006283879280090332
adapt_finetuned,33,2,odd_even_blocks,0,37,1,230,46,0.4796195652173913,0.453804347826087,1.00747811794281,-0.007478117942810059
adapt_zero_shot,33,2,odd_even_blocks,0,39,1,299,54,0.4463718820861678,0.4580120937263794,1.0223101377487183,-0.02231013774871826
adapt_finetuned,33,2,odd_even_blocks,0,39,1,299,54,0.4475434618291761,0.46005291005291005,1.0216081142425537,-0.02160811424255371
adapt_zero_shot,33,2,odd_even_blocks,0,43,1,297,53,0.6786266625425301,0.6597200742344571,0.960211992263794,0.039788007736206055
adapt_finetuned,33,2,odd_even_blocks,0,43,1,297,53,0.6722084751005258,0.6535725332508506,0.9615979194641113,0.03840208053588867
adapt_zero_shot,33,2,odd_even_blocks,0,45,2,574,109,0.5828647528854691,0.5516424977804084,0.9866049289703369,0.013395071029663086
adapt_finetuned,33,2,odd_even_blocks,0,45,2,574,109,0.5839104271480715,0.5389562987077045,0.9857436418533325,0.01425635814666748
adapt_zero_shot,33,2,odd_even_blocks,0,59,2,565,108,0.5212132263554584,0.5191466083150984,1.0028630495071411,-0.0028630495071411133
adapt_finetuned,33,2,odd_even_blocks,0,59,2,565,108,0.5259238998298079,0.5387592187373369,1.0030814409255981,-0.0030814409255981445
adapt_zero_shot,33,2,odd_even_blocks,0,62,1,283,55,0.6190191387559809,0.5803827751196172,0.9785740971565247,0.021425902843475342
adapt_finetuned,33,2,odd_even_blocks,0,62,1,283,55,0.6279505582137161,0.6048245614035088,0.975757896900177,0.024242103099822998
adapt_zero_shot,33,2,odd_even_blocks,0,66,1,254,52,0.5988670982482863,0.5684501142421934,0.9759142398834229,0.02408576011657715
adapt_finetuned,33,2,odd_even_blocks,0,66,1,254,52,0.6022943640517897,0.5758758568164508,0.9760148525238037,0.02398514747619629
adapt_zero_shot,33,3,odd_even_blocks,0,0,1,303,62,0.633449337438094,0.5729487351090885,0.9671710729598999,0.0328289270401001
adapt_finetuned,33,3,odd_even_blocks,0,0,1,303,62,0.6387029848748494,0.570874046312408,0.966328501701355,0.03367149829864502
adapt_zero_shot,33,3,odd_even_blocks,0,4,2,573,111,0.5685230685230686,0.5651983151983152,0.9883137941360474,0.011686205863952637
adapt_finetuned,33,3,odd_even_blocks,0,4,2,573,111,0.5784193284193284,0.5597870597870598,0.9854533672332764,0.014546632766723633
adapt_zero_shot,33,3,odd_even_blocks,0,6,1,226,40,0.5563844086021505,0.5490591397849462,0.9972661137580872,0.002733886241912842
adapt_finetuned,33,3,odd_even_blocks,0,6,1,226,40,0.5494623655913978,0.5446236559139785,0.996496319770813,0.0035036802291870117
adapt_zero_shot,33,3,odd_even_blocks,0,12,1,295,57,0.5115361934247383,0.5051231018723279,1.005873441696167,-0.005873441696166992
adapt_finetuned,33,3,odd_even_blocks,0,12,1,295,57,0.5335765885301489,0.503390830016217,1.0036991834640503,-0.003699183464050293
adapt_zero_shot,33,3,odd_even_blocks,0,14,1,295,55,0.5228409090909092,0.531060606060606,1.0071001052856445,-0.007100105285644531
adapt_finetuned,33,3,odd_even_blocks,0,14,1,295,55,0.5220833333333333,0.5331439393939394,1.006917119026184,-0.006917119026184082
adapt_zero_shot,33,3,odd_even_blocks,0,16,1,290,54,0.5752510985561834,0.5735247959824231,0.9866164326667786,0.013383567333221436
adapt_finetuned,33,3,odd_even_blocks,0,16,1,290,54,0.5763496547394853,0.5714061519146265,0.9867489337921143,0.013251066207885742
adapt_zero_shot,33,3,odd_even_blocks,0,22,2,314,57,0.5141306573827564,0.5081916854392792,1.0086848735809326,-0.008684873580932617
adapt_finetuned,33,3,odd_even_blocks,0,22,2,314,57,0.5095910983684893,0.5120827360229367,1.010105013847351,-0.010105013847351074
adapt_zero_shot,33,3,odd_even_blocks,0,40,1,259,47,0.4516760337213971,0.40229827378562827,1.0267118215560913,-0.02671182155609131
adapt_finetuned,33,3,odd_even_blocks,0,40,1,259,47,0.4515756724207146,0.40229827378562827,1.0268073081970215,-0.026807308197021484
adapt_zero_shot,33,3,odd_even_blocks,0,41,1,326,67,0.42059009969457734,0.43044430357863195,1.031925082206726,-0.031925082206726074
adapt_finetuned,33,3,odd_even_blocks,0,41,1,326,67,0.4213392496974587,0.42851380164813,1.032212495803833,-0.03221249580383301
adapt_zero_shot,33,3,odd_even_blocks,0,42,1,286,54,0.4879869093231162,0.4991219667943806,1.0112850666046143,-0.011285066604614258
adapt_finetuned,33,3,odd_even_blocks,0,42,1,286,54,0.48239942528735635,0.49201787994891444,1.0144155025482178,-0.014415502548217773
adapt_zero_shot,33,3,odd_even_blocks,0,46,1,270,53,0.5992087644552647,0.5752108512303278,0.9830041527748108,0.01699584722518921
adapt_finetuned,33,3,odd_even_blocks,0,46,1,270,53,0.5983827493261455,0.5754282236327276,0.9828677177429199,0.017132282257080078
adapt_zero_shot,33,3,odd_even_blocks,0,48,1,229,43,0.7031132783195799,0.6516629157289322,0.9563016295433044,0.04369837045669556
adapt_finetuned,33,3,odd_even_blocks,0,48,1,229,43,0.7014253563390848,0.6373468367091772,0.9523351788520813,0.0476648211479187
adapt_zero_shot,33,3,odd_even_blocks,0,57,1,299,56,0.6397707231040566,0.5937316284538507,0.9740787744522095,0.025921225547790527
adapt_finetuned,33,3,odd_even_blocks,0,57,1,299,56,0.6383009994121105,0.5902777777777778,0.971278965473175,0.02872103452682495
adapt_zero_shot,33,3,odd_even_blocks,0,70,1,247,49,0.5495258709544424,0.5330859616573902,0.993671178817749,0.0063288211822509766
adapt_finetuned,33,3,odd_even_blocks,0,70,1,247,49,0.549474335188621,0.5280354566068852,0.99205482006073,0.00794517993927002
adapt_zero_shot,33,4,odd_even_blocks,0,2,1,253,52,0.5435323383084577,0.568886337543054,0.995688796043396,0.004311203956604004
adapt_finetuned,33,4,odd_even_blocks,0,2,1,253,52,0.5521431305013395,0.5332472254114045,0.9938850402832031,0.006114959716796875
adapt_zero_shot,33,4,odd_even_blocks,0,5,1,299,56,0.5722369194591417,0.5333994708994709,0.9916356801986694,0.008364319801330566
adapt_finetuned,33,4,odd_even_blocks,0,5,1,299,56,0.5738168724279835,0.5649985302763081,0.9916017055511475,0.008398294448852539
adapt_zero_shot,33,4,odd_even_blocks,0,10,1,299,57,0.705669131506452,0.6183485573437726,0.9601852893829346,0.03981471061706543
adapt_finetuned,33,4,odd_even_blocks,0,10,1,299,57,0.7105625634333768,0.6100840945338553,0.9626766443252563,0.03732335567474365
adapt_zero_shot,33,4,odd_even_blocks,0,25,2,545,106,0.5810375209524219,0.5581402845231443,0.9875292181968689,0.012470781803131104
adapt_finetuned,33,4,odd_even_blocks,0,25,2,545,106,0.5804143207117376,0.5592792366871535,0.9876101016998291,0.012389898300170898
adapt_zero_shot,33,4,odd_even_blocks,0,31,2,521,101,0.5747289014615747,0.5501060820367751,0.9892237186431885,0.010776281356811523
adapt_finetuned,33,4,odd_even_blocks,0,31,2,521,101,0.5858321546440358,0.5761669024045262,0.9838902950286865,0.016109704971313477
adapt_zero_shot,33,4,odd_even_blocks,0,47,1,301,58,0.5041507024265645,0.4895700297999149,1.0065627098083496,-0.006562709808349609
adapt_finetuned,33,4,odd_even_blocks,0,47,1,301,58,0.5180573293600114,0.48417766425429265,1.0016745328903198,-0.0016745328903198242
adapt_zero_shot,33,4,odd_even_blocks,0,49,1,301,56,0.5663994169096209,0.5591836734693878,0.9916079640388489,0.008392035961151123
adapt_finetuned,33,4,odd_even_blocks,0,49,1,301,56,0.5756559766763848,0.5522959183673469,0.9904819130897522,0.009518086910247803
adapt_zero_shot,33,4,odd_even_blocks,0,52,1,297,55,0.49620586025544705,0.5086776859504132,1.0081415176391602,-0.008141517639160156
adapt_finetuned,33,4,odd_even_blocks,0,52,1,297,55,0.4983095416979714,0.5260330578512397,1.0082638263702393,-0.008263826370239258
adapt_zero_shot,33,4,odd_even_blocks,0,63,1,281,54,0.5219448523413281,0.5315304291075216,1.0051002502441406,-0.005100250244140625
adapt_finetuned,33,4,odd_even_blocks,0,63,1,281,54,0.5480910425844346,0.5280225159079786,0.9942409992218018,0.005759000778198242
adapt_zero_shot,33,4,odd_even_blocks,0,65,1,294,55,0.6079117535184481,0.5438189425637124,0.9783852696418762,0.02161473035812378
adapt_finetuned,33,4,odd_even_blocks,0,65,1,294,55,0.6181057436287561,0.5718143780905287,0.9744836091995239,0.025516390800476074
adapt_zero_shot,33,4,odd_even_blocks,0,67,1,299,58,0.5292960366289884,0.5281871512376592,1.0003682374954224,-0.0003682374954223633
adapt_finetuned,33,4,odd_even_blocks,0,67,1,299,58,0.5449992845900701,0.5468593504077837,0.9985085129737854,0.0014914870262145996
adapt_zero_shot,33,4,odd_even_blocks,0,72,1,207,40,0.5494760479041916,0.5539670658682634,0.9991399049758911,0.0008600950241088867
adapt_finetuned,33,4,odd_even_blocks,0,72,1,207,40,0.5502245508982035,0.5599550898203592,0.9991645812988281,0.000835418701171875
